<kml xmlns="http://www.opengis.net/kml/2.2">
<Document>
<Placemark>
<name>Ruta LYBE - LEBL</name>
<Style>
<LineStyle>
<color>ff00ff00</color>
<width>2</width>
</LineStyle>
</Style>
<LineString>
<altitudeMode>clampToGround</altitudeMode>
<extrude>1</extrude>
<tessellate>1</tessellate>
<coordinates>
20.306944444444444,44.81944444444445
2.0783333333333336,41.29694444444444
</coordinates>
</LineString>
</Placemark>
<Placemark>
<name>Ruta EGCC - LEBL</name>
<Style>
<LineStyle>
<color>ff00ff00</color>
<width>2</width>
</LineStyle>
</Style>
<LineString>
<altitudeMode>clampToGround</altitudeMode>
<extrude>1</extrude>
<tessellate>1</tessellate>
<coordinates>
-2.275,53.35388888888889
2.0783333333333336,41.29694444444444
</coordinates>
</LineString>
</Placemark>
<Placemark>
<name>Ruta LMML - LEBL</name>
<Style>
<LineStyle>
<color>ff0000ff</color>
<width>2</width>
</LineStyle>
</Style>
<LineString>
<altitudeMode>clampToGround</altitudeMode>
<extrude>1</extrude>
<tessellate>1</tessellate>
<coordinates>
14.477500000000001,35.8575
2.0783333333333336,41.29694444444444
</coordinates>
</LineString>
</Placemark>
<Placemark>
<name>Ruta LGTS - LEBL</name>
<Style>
<LineStyle>
<color>ff0000ff</color>
<width>2</width>
</LineStyle>
</Style>
<LineString>
<altitudeMode>clampToGround</altitudeMode>
<extrude>1</extrude>
<tessellate>1</tessellate>
<coordinates>
22.97083333333333,40.51972222222222
2.0783333333333336,41.29694444444444
</coordinates>
</LineString>
</Placemark>
<Placemark>
<name>Ruta EBBR - LEBL</name>
<Style>
<LineStyle>
<color>ff0000ff</color>
<width>2</width>
</LineStyle>
</Style>
<LineString>
<altitudeMode>clampToGround</altitudeMode>
<extrude>1</extrude>
<tessellate>1</tessellate>
<coordinates>
4.484444444444445,50.90138888888889
2.0783333333333336,41.29694444444444
</coordinates>
</LineString>
</Placemark>
<Placemark>
<name>Ruta EDDK - LEBL</name>
<Style>
<LineStyle>
<color>ff0000ff</color>
<width>2</width>
</LineStyle>
</Style>
<LineString>
<altitudeMode>clampToGround</altitudeMode>
<extrude>1</extrude>
<tessellate>1</tessellate>
<coordinates>
7.142777777777778,50.865833333333335
2.0783333333333336,41.29694444444444
</coordinates>
</LineString>
</Placemark>
<Placemark>
<name>Ruta LGSR - LEBL</name>
<Style>
<LineStyle>
<color>ff0000ff</color>
<width>2</width>
</LineStyle>
</Style>
<LineString>
<altitudeMode>clampToGround</altitudeMode>
<extrude>1</extrude>
<tessellate>1</tessellate>
<coordinates>
25.479166666666664,36.399166666666666
2.0783333333333336,41.29694444444444
</coordinates>
</LineString>
</Placemark>
<Placemark>
<name>Ruta EDDP - LEBL</name>
<Style>
<LineStyle>
<color>ff0000ff</color>
<width>2</width>
</LineStyle>
</Style>
<LineString>
<altitudeMode>clampToGround</altitudeMode>
<extrude>1</extrude>
<tessellate>1</tessellate>
<coordinates>
12.236388888888888,51.42388888888889
2.0783333333333336,41.29694444444444
</coordinates>
</LineString>
</Placemark>
<Placemark>
<name>Ruta LGAV - LEBL</name>
<Style>
<LineStyle>
<color>ff0000ff</color>
<width>2</width>
</LineStyle>
</Style>
<LineString>
<altitudeMode>clampToGround</altitudeMode>
<extrude>1</extrude>
<tessellate>1</tessellate>
<coordinates>
23.944444444444446,37.93666666666666
2.0783333333333336,41.29694444444444
</coordinates>
</LineString>
</Placemark>
<Placemark>
<name>Ruta LFPG - LEBL</name>
<Style>
<LineStyle>
<color>ff0000ff</color>
<width>2</width>
</LineStyle>
</Style>
<LineString>
<altitudeMode>clampToGround</altitudeMode>
<extrude>1</extrude>
<tessellate>1</tessellate>
<coordinates>
2.5477777777777777,49.00972222222222
2.0783333333333336,41.29694444444444
</coordinates>
</LineString>
</Placemark>
<Placemark>
<name>Ruta EBLG - LEBL</name>
<Style>
<LineStyle>
<color>ff0000ff</color>
<width>2</width>
</LineStyle>
</Style>
<LineString>
<altitudeMode>clampToGround</altitudeMode>
<extrude>1</extrude>
<tessellate>1</tessellate>
<coordinates>
5.442777777777778,50.63638888888889
2.0783333333333336,41.29694444444444
</coordinates>
</LineString>
</Placemark>
<Placemark>
<name>Ruta LEPA - LEBL</name>
<Style>
<LineStyle>
<color>ff0000ff</color>
<width>2</width>
</LineStyle>
</Style>
<LineString>
<altitudeMode>clampToGround</altitudeMode>
<extrude>1</extrude>
<tessellate>1</tessellate>
<coordinates>
2.738888888888889,39.55166666666666
2.0783333333333336,41.29694444444444
</coordinates>
</LineString>
</Placemark>
<Placemark>
<name>Ruta LEPA - LEBL</name>
<Style>
<LineStyle>
<color>ff0000ff</color>
<width>2</width>
</LineStyle>
</Style>
<LineString>
<altitudeMode>clampToGround</altitudeMode>
<extrude>1</extrude>
<tessellate>1</tessellate>
<coordinates>
2.738888888888889,39.55166666666666
2.0783333333333336,41.29694444444444
</coordinates>
</LineString>
</Placemark>
<Placemark>
<name>Ruta KJFK - LEBL</name>
<Style>
<LineStyle>
<color>ff00ff00</color>
<width>2</width>
</LineStyle>
</Style>
<LineString>
<altitudeMode>clampToGround</altitudeMode>
<extrude>1</extrude>
<tessellate>1</tessellate>
<coordinates>
-73.77833333333334,40.640277777777776
2.0783333333333336,41.29694444444444
</coordinates>
</LineString>
</Placemark>
<Placemark>
<name>Ruta LEPA - LEBL</name>
<Style>
<LineStyle>
<color>ff0000ff</color>
<width>2</width>
</LineStyle>
</Style>
<LineString>
<altitudeMode>clampToGround</altitudeMode>
<extrude>1</extrude>
<tessellate>1</tessellate>
<coordinates>
2.738888888888889,39.55166666666666
2.0783333333333336,41.29694444444444
</coordinates>
</LineString>
</Placemark>
<Placemark>
<name>Ruta LROP - LEBL</name>
<Style>
<LineStyle>
<color>ff00ff00</color>
<width>2</width>
</LineStyle>
</Style>
<LineString>
<altitudeMode>clampToGround</altitudeMode>
<extrude>1</extrude>
<tessellate>1</tessellate>
<coordinates>
26.084999999999997,44.571111111111115
2.0783333333333336,41.29694444444444
</coordinates>
</LineString>
</Placemark>
<Placemark>
<name>Ruta LEPA - LEBL</name>
<Style>
<LineStyle>
<color>ff0000ff</color>
<width>2</width>
</LineStyle>
</Style>
<LineString>
<altitudeMode>clampToGround</altitudeMode>
<extrude>1</extrude>
<tessellate>1</tessellate>
<coordinates>
2.738888888888889,39.55166666666666
2.0783333333333336,41.29694444444444
</coordinates>
</LineString>
</Placemark>
<Placemark>
<name>Ruta LEMH - LEBL</name>
<Style>
<LineStyle>
<color>ff0000ff</color>
<width>2</width>
</LineStyle>
</Style>
<LineString>
<altitudeMode>clampToGround</altitudeMode>
<extrude>1</extrude>
<tessellate>1</tessellate>
<coordinates>
4.2186111111111115,39.862500000000004
2.0783333333333336,41.29694444444444
</coordinates>
</LineString>
</Placemark>
<Placemark>
<name>Ruta LEPA - LEBL</name>
<Style>
<LineStyle>
<color>ff0000ff</color>
<width>2</width>
</LineStyle>
</Style>
<LineString>
<altitudeMode>clampToGround</altitudeMode>
<extrude>1</extrude>
<tessellate>1</tessellate>
<coordinates>
2.738888888888889,39.55166666666666
2.0783333333333336,41.29694444444444
</coordinates>
</LineString>
</Placemark>
<Placemark>
<name>Ruta EHAM - LEBL</name>
<Style>
<LineStyle>
<color>ff0000ff</color>
<width>2</width>
</LineStyle>
</Style>
<LineString>
<altitudeMode>clampToGround</altitudeMode>
<extrude>1</extrude>
<tessellate>1</tessellate>
<coordinates>
4.764166666666667,52.308055555555555
2.0783333333333336,41.29694444444444
</coordinates>
</LineString>
</Placemark>
<Placemark>
<name>Ruta BIKF - LEBL</name>
<Style>
<LineStyle>
<color>ff0000ff</color>
<width>2</width>
</LineStyle>
</Style>
<LineString>
<altitudeMode>clampToGround</altitudeMode>
<extrude>1</extrude>
<tessellate>1</tessellate>
<coordinates>
-22.605555555555558,63.985
2.0783333333333336,41.29694444444444
</coordinates>
</LineString>
</Placemark>
<Placemark>
<name>Ruta EBOS - LEBL</name>
<Style>
<LineStyle>
<color>ff0000ff</color>
<width>2</width>
</LineStyle>
</Style>
<LineString>
<altitudeMode>clampToGround</altitudeMode>
<extrude>1</extrude>
<tessellate>1</tessellate>
<coordinates>
2.8622222222222224,51.19888888888889
2.0783333333333336,41.29694444444444
</coordinates>
</LineString>
</Placemark>
<Placemark>
<name>Ruta LIMC - LEBL</name>
<Style>
<LineStyle>
<color>ff0000ff</color>
<width>2</width>
</LineStyle>
</Style>
<LineString>
<altitudeMode>clampToGround</altitudeMode>
<extrude>1</extrude>
<tessellate>1</tessellate>
<coordinates>
8.723055555555556,45.63
2.0783333333333336,41.29694444444444
</coordinates>
</LineString>
</Placemark>
<Placemark>
<name>Ruta LEZL - LEBL</name>
<Style>
<LineStyle>
<color>ff0000ff</color>
<width>2</width>
</LineStyle>
</Style>
<LineString>
<altitudeMode>clampToGround</altitudeMode>
<extrude>1</extrude>
<tessellate>1</tessellate>
<coordinates>
-5.898888888888888,37.418055555555554
2.0783333333333336,41.29694444444444
</coordinates>
</LineString>
</Placemark>
<Placemark>
<name>Ruta EDDS - LEBL</name>
<Style>
<LineStyle>
<color>ff0000ff</color>
<width>2</width>
</LineStyle>
</Style>
<LineString>
<altitudeMode>clampToGround</altitudeMode>
<extrude>1</extrude>
<tessellate>1</tessellate>
<coordinates>
9.221944444444444,48.69
2.0783333333333336,41.29694444444444
</coordinates>
</LineString>
</Placemark>
<Placemark>
<name>Ruta EBAW - LEBL</name>
<Style>
<LineStyle>
<color>ff0000ff</color>
<width>2</width>
</LineStyle>
</Style>
<LineString>
<altitudeMode>clampToGround</altitudeMode>
<extrude>1</extrude>
<tessellate>1</tessellate>
<coordinates>
4.460277777777778,51.18944444444444
2.0783333333333336,41.29694444444444
</coordinates>
</LineString>
</Placemark>
<Placemark>
<name>Ruta URKK - LEBL</name>
<Style>
<LineStyle>
<color>ff00ff00</color>
<width>2</width>
</LineStyle>
</Style>
<LineString>
<altitudeMode>clampToGround</altitudeMode>
<extrude>1</extrude>
<tessellate>1</tessellate>
<coordinates>
39.169999999999995,45.03472222222222
2.0783333333333336,41.29694444444444
</coordinates>
</LineString>
</Placemark>
<Placemark>
<name>Ruta LHBP - LEBL</name>
<Style>
<LineStyle>
<color>ff0000ff</color>
<width>2</width>
</LineStyle>
</Style>
<LineString>
<altitudeMode>clampToGround</altitudeMode>
<extrude>1</extrude>
<tessellate>1</tessellate>
<coordinates>
19.261944444444445,47.43944444444444
2.0783333333333336,41.29694444444444
</coordinates>
</LineString>
</Placemark>
<Placemark>
<name>Ruta LFLL - LEBL</name>
<Style>
<LineStyle>
<color>ff0000ff</color>
<width>2</width>
</LineStyle>
</Style>
<LineString>
<altitudeMode>clampToGround</altitudeMode>
<extrude>1</extrude>
<tessellate>1</tessellate>
<coordinates>
5.0811111111111105,45.72555555555556
2.0783333333333336,41.29694444444444
</coordinates>
</LineString>
</Placemark>
<Placemark>
<name>Ruta LEZL - LEBL</name>
<Style>
<LineStyle>
<color>ff0000ff</color>
<width>2</width>
</LineStyle>
</Style>
<LineString>
<altitudeMode>clampToGround</altitudeMode>
<extrude>1</extrude>
<tessellate>1</tessellate>
<coordinates>
-5.898888888888888,37.418055555555554
2.0783333333333336,41.29694444444444
</coordinates>
</LineString>
</Placemark>
<Placemark>
<name>Ruta LECO - LEBL</name>
<Style>
<LineStyle>
<color>ff0000ff</color>
<width>2</width>
</LineStyle>
</Style>
<LineString>
<altitudeMode>clampToGround</altitudeMode>
<extrude>1</extrude>
<tessellate>1</tessellate>
<coordinates>
-8.377222222222223,43.301944444444445
2.0783333333333336,41.29694444444444
</coordinates>
</LineString>
</Placemark>
<Placemark>
<name>Ruta EDDM - LEBL</name>
<Style>
<LineStyle>
<color>ff0000ff</color>
<width>2</width>
</LineStyle>
</Style>
<LineString>
<altitudeMode>clampToGround</altitudeMode>
<extrude>1</extrude>
<tessellate>1</tessellate>
<coordinates>
11.786111111111111,48.35388888888889
2.0783333333333336,41.29694444444444
</coordinates>
</LineString>
</Placemark>
<Placemark>
<name>Ruta EBBR - LEBL</name>
<Style>
<LineStyle>
<color>ff0000ff</color>
<width>2</width>
</LineStyle>
</Style>
<LineString>
<altitudeMode>clampToGround</altitudeMode>
<extrude>1</extrude>
<tessellate>1</tessellate>
<coordinates>
4.484444444444445,50.90138888888889
2.0783333333333336,41.29694444444444
</coordinates>
</LineString>
</Placemark>
<Placemark>
<name>Ruta UUEE - LEBL</name>
<Style>
<LineStyle>
<color>ff00ff00</color>
<width>2</width>
</LineStyle>
</Style>
<LineString>
<altitudeMode>clampToGround</altitudeMode>
<extrude>1</extrude>
<tessellate>1</tessellate>
<coordinates>
37.41305555555555,55.972500000000004
2.0783333333333336,41.29694444444444
</coordinates>
</LineString>
</Placemark>
<Placemark>
<name>Ruta EFHK - LEBL</name>
<Style>
<LineStyle>
<color>ff0000ff</color>
<width>2</width>
</LineStyle>
</Style>
<LineString>
<altitudeMode>clampToGround</altitudeMode>
<extrude>1</extrude>
<tessellate>1</tessellate>
<coordinates>
24.96333333333333,60.31722222222223
2.0783333333333336,41.29694444444444
</coordinates>
</LineString>
</Placemark>
<Placemark>
<name>Ruta EDDL - LEBL</name>
<Style>
<LineStyle>
<color>ff0000ff</color>
<width>2</width>
</LineStyle>
</Style>
<LineString>
<altitudeMode>clampToGround</altitudeMode>
<extrude>1</extrude>
<tessellate>1</tessellate>
<coordinates>
6.7572222222222225,51.280833333333334
2.0783333333333336,41.29694444444444
</coordinates>
</LineString>
</Placemark>
<Placemark>
<name>Ruta KATL - LEBL</name>
<Style>
<LineStyle>
<color>ff00ff00</color>
<width>2</width>
</LineStyle>
</Style>
<LineString>
<altitudeMode>clampToGround</altitudeMode>
<extrude>1</extrude>
<tessellate>1</tessellate>
<coordinates>
-84.43333333333334,33.63333333333333
2.0783333333333336,41.29694444444444
</coordinates>
</LineString>
</Placemark>
<Placemark>
<name>Ruta LIRF - LEBL</name>
<Style>
<LineStyle>
<color>ff0000ff</color>
<width>2</width>
</LineStyle>
</Style>
<LineString>
<altitudeMode>clampToGround</altitudeMode>
<extrude>1</extrude>
<tessellate>1</tessellate>
<coordinates>
12.238888888888889,41.80027777777777
2.0783333333333336,41.29694444444444
</coordinates>
</LineString>
</Placemark>
<Placemark>
<name>Ruta EDDB - LEBL</name>
<Style>
<LineStyle>
<color>ff0000ff</color>
<width>2</width>
</LineStyle>
</Style>
<LineString>
<altitudeMode>clampToGround</altitudeMode>
<extrude>1</extrude>
<tessellate>1</tessellate>
<coordinates>
13.500555555555556,52.36222222222222
2.0783333333333336,41.29694444444444
</coordinates>
</LineString>
</Placemark>
<Placemark>
<name>Ruta LEAS - LEBL</name>
<Style>
<LineStyle>
<color>ff0000ff</color>
<width>2</width>
</LineStyle>
</Style>
<LineString>
<altitudeMode>clampToGround</altitudeMode>
<extrude>1</extrude>
<tessellate>1</tessellate>
<coordinates>
-6.034722222222222,43.56361111111111
2.0783333333333336,41.29694444444444
</coordinates>
</LineString>
</Placemark>
<Placemark>
<name>Ruta LEMD - LEBL</name>
<Style>
<LineStyle>
<color>ff0000ff</color>
<width>2</width>
</LineStyle>
</Style>
<LineString>
<altitudeMode>clampToGround</altitudeMode>
<extrude>1</extrude>
<tessellate>1</tessellate>
<coordinates>
-3.560833333333333,40.47222222222222
2.0783333333333336,41.29694444444444
</coordinates>
</LineString>
</Placemark>
<Placemark>
<name>Ruta LSZH - LEBL</name>
<Style>
<LineStyle>
<color>ff0000ff</color>
<width>2</width>
</LineStyle>
</Style>
<LineString>
<altitudeMode>clampToGround</altitudeMode>
<extrude>1</extrude>
<tessellate>1</tessellate>
<coordinates>
8.548055555555555,47.45805555555556
2.0783333333333336,41.29694444444444
</coordinates>
</LineString>
</Placemark>
<Placemark>
<name>Ruta ULLI - LEBL</name>
<Style>
<LineStyle>
<color>ff00ff00</color>
<width>2</width>
</LineStyle>
</Style>
<LineString>
<altitudeMode>clampToGround</altitudeMode>
<extrude>1</extrude>
<tessellate>1</tessellate>
<coordinates>
30.2625,59.80027777777777
2.0783333333333336,41.29694444444444
</coordinates>
</LineString>
</Placemark>
<Placemark>
<name>Ruta LGMK - LEBL</name>
<Style>
<LineStyle>
<color>ff0000ff</color>
<width>2</width>
</LineStyle>
</Style>
<LineString>
<altitudeMode>clampToGround</altitudeMode>
<extrude>1</extrude>
<tessellate>1</tessellate>
<coordinates>
25.34722222222222,37.43722222222222
2.0783333333333336,41.29694444444444
</coordinates>
</LineString>
</Placemark>
<Placemark>
<name>Ruta LFPO - LEBL</name>
<Style>
<LineStyle>
<color>ff0000ff</color>
<width>2</width>
</LineStyle>
</Style>
<LineString>
<altitudeMode>clampToGround</altitudeMode>
<extrude>1</extrude>
<tessellate>1</tessellate>
<coordinates>
2.3794444444444447,48.723333333333336
2.0783333333333336,41.29694444444444
</coordinates>
</LineString>
</Placemark>
<Placemark>
<name>Ruta EDDV - LEBL</name>
<Style>
<LineStyle>
<color>ff0000ff</color>
<width>2</width>
</LineStyle>
</Style>
<LineString>
<altitudeMode>clampToGround</altitudeMode>
<extrude>1</extrude>
<tessellate>1</tessellate>
<coordinates>
9.68361111111111,52.46027777777778
2.0783333333333336,41.29694444444444
</coordinates>
</LineString>
</Placemark>
<Placemark>
<name>Ruta LEMD - LEBL</name>
<Style>
<LineStyle>
<color>ff0000ff</color>
<width>2</width>
</LineStyle>
</Style>
<LineString>
<altitudeMode>clampToGround</altitudeMode>
<extrude>1</extrude>
<tessellate>1</tessellate>
<coordinates>
-3.560833333333333,40.47222222222222
2.0783333333333336,41.29694444444444
</coordinates>
</LineString>
</Placemark>
<Placemark>
<name>Ruta EHEH - LEBL</name>
<Style>
<LineStyle>
<color>ff0000ff</color>
<width>2</width>
</LineStyle>
</Style>
<LineString>
<altitudeMode>clampToGround</altitudeMode>
<extrude>1</extrude>
<tessellate>1</tessellate>
<coordinates>
5.374444444444444,51.45
2.0783333333333336,41.29694444444444
</coordinates>
</LineString>
</Placemark>
<Placemark>
<name>Ruta UUDD - LEBL</name>
<Style>
<LineStyle>
<color>ff00ff00</color>
<width>2</width>
</LineStyle>
</Style>
<LineString>
<altitudeMode>clampToGround</altitudeMode>
<extrude>1</extrude>
<tessellate>1</tessellate>
<coordinates>
37.906388888888884,55.40861111111111
2.0783333333333336,41.29694444444444
</coordinates>
</LineString>
</Placemark>
<Placemark>
<name>Ruta EDDL - LEBL</name>
<Style>
<LineStyle>
<color>ff0000ff</color>
<width>2</width>
</LineStyle>
</Style>
<LineString>
<altitudeMode>clampToGround</altitudeMode>
<extrude>1</extrude>
<tessellate>1</tessellate>
<coordinates>
6.7572222222222225,51.280833333333334
2.0783333333333336,41.29694444444444
</coordinates>
</LineString>
</Placemark>
<Placemark>
<name>Ruta EGLL - LEBL</name>
<Style>
<LineStyle>
<color>ff00ff00</color>
<width>2</width>
</LineStyle>
</Style>
<LineString>
<altitudeMode>clampToGround</altitudeMode>
<extrude>1</extrude>
<tessellate>1</tessellate>
<coordinates>
-0.4613888888888889,51.4775
2.0783333333333336,41.29694444444444
</coordinates>
</LineString>
</Placemark>
<Placemark>
<name>Ruta OLBA - LEBL</name>
<Style>
<LineStyle>
<color>ff00ff00</color>
<width>2</width>
</LineStyle>
</Style>
<LineString>
<altitudeMode>clampToGround</altitudeMode>
<extrude>1</extrude>
<tessellate>1</tessellate>
<coordinates>
35.49,33.81916666666667
2.0783333333333336,41.29694444444444
</coordinates>
</LineString>
</Placemark>
<Placemark>
<name>Ruta LPPR - LEBL</name>
<Style>
<LineStyle>
<color>ff0000ff</color>
<width>2</width>
</LineStyle>
</Style>
<LineString>
<altitudeMode>clampToGround</altitudeMode>
<extrude>1</extrude>
<tessellate>1</tessellate>
<coordinates>
-8.678055555555554,41.23555555555556
2.0783333333333336,41.29694444444444
</coordinates>
</LineString>
</Placemark>
<Placemark>
<name>Ruta LEMD - LEBL</name>
<Style>
<LineStyle>
<color>ff0000ff</color>
<width>2</width>
</LineStyle>
</Style>
<LineString>
<altitudeMode>clampToGround</altitudeMode>
<extrude>1</extrude>
<tessellate>1</tessellate>
<coordinates>
-3.560833333333333,40.47222222222222
2.0783333333333336,41.29694444444444
</coordinates>
</LineString>
</Placemark>
<Placemark>
<name>Ruta LOWW - LEBL</name>
<Style>
<LineStyle>
<color>ff0000ff</color>
<width>2</width>
</LineStyle>
</Style>
<LineString>
<altitudeMode>clampToGround</altitudeMode>
<extrude>1</extrude>
<tessellate>1</tessellate>
<coordinates>
16.56972222222222,48.11027777777778
2.0783333333333336,41.29694444444444
</coordinates>
</LineString>
</Placemark>
<Placemark>
<name>Ruta KEWR - LEBL</name>
<Style>
<LineStyle>
<color>ff00ff00</color>
<width>2</width>
</LineStyle>
</Style>
<LineString>
<altitudeMode>clampToGround</altitudeMode>
<extrude>1</extrude>
<tessellate>1</tessellate>
<coordinates>
-74.16833333333334,40.696666666666665
2.0783333333333336,41.29694444444444
</coordinates>
</LineString>
</Placemark>
<Placemark>
<name>Ruta LEIB - LEBL</name>
<Style>
<LineStyle>
<color>ff0000ff</color>
<width>2</width>
</LineStyle>
</Style>
<LineString>
<altitudeMode>clampToGround</altitudeMode>
<extrude>1</extrude>
<tessellate>1</tessellate>
<coordinates>
1.3730555555555557,38.87277777777778
2.0783333333333336,41.29694444444444
</coordinates>
</LineString>
</Placemark>
<Placemark>
<name>Ruta LEZL - LEBL</name>
<Style>
<LineStyle>
<color>ff0000ff</color>
<width>2</width>
</LineStyle>
</Style>
<LineString>
<altitudeMode>clampToGround</altitudeMode>
<extrude>1</extrude>
<tessellate>1</tessellate>
<coordinates>
-5.898888888888888,37.418055555555554
2.0783333333333336,41.29694444444444
</coordinates>
</LineString>
</Placemark>
<Placemark>
<name>Ruta SBGR - LEBL</name>
<Style>
<LineStyle>
<color>ff00ff00</color>
<width>2</width>
</LineStyle>
</Style>
<LineString>
<altitudeMode>clampToGround</altitudeMode>
<extrude>1</extrude>
<tessellate>1</tessellate>
<coordinates>
-46.47,-23.433333333333334
2.0783333333333336,41.29694444444444
</coordinates>
</LineString>
</Placemark>
<Placemark>
<name>Ruta LFPG - LEBL</name>
<Style>
<LineStyle>
<color>ff0000ff</color>
<width>2</width>
</LineStyle>
</Style>
<LineString>
<altitudeMode>clampToGround</altitudeMode>
<extrude>1</extrude>
<tessellate>1</tessellate>
<coordinates>
2.5477777777777777,49.00972222222222
2.0783333333333336,41.29694444444444
</coordinates>
</LineString>
</Placemark>
<Placemark>
<name>Ruta EKCH - LEBL</name>
<Style>
<LineStyle>
<color>ff0000ff</color>
<width>2</width>
</LineStyle>
</Style>
<LineString>
<altitudeMode>clampToGround</altitudeMode>
<extrude>1</extrude>
<tessellate>1</tessellate>
<coordinates>
12.65611111111111,55.61805555555556
2.0783333333333336,41.29694444444444
</coordinates>
</LineString>
</Placemark>
<Placemark>
<name>Ruta LEPA - LEBL</name>
<Style>
<LineStyle>
<color>ff0000ff</color>
<width>2</width>
</LineStyle>
</Style>
<LineString>
<altitudeMode>clampToGround</altitudeMode>
<extrude>1</extrude>
<tessellate>1</tessellate>
<coordinates>
2.738888888888889,39.55166666666666
2.0783333333333336,41.29694444444444
</coordinates>
</LineString>
</Placemark>
<Placemark>
<name>Ruta EDDK - LEBL</name>
<Style>
<LineStyle>
<color>ff0000ff</color>
<width>2</width>
</LineStyle>
</Style>
<LineString>
<altitudeMode>clampToGround</altitudeMode>
<extrude>1</extrude>
<tessellate>1</tessellate>
<coordinates>
7.142777777777778,50.865833333333335
2.0783333333333336,41.29694444444444
</coordinates>
</LineString>
</Placemark>
<Placemark>
<name>Ruta LEIB - LEBL</name>
<Style>
<LineStyle>
<color>ff0000ff</color>
<width>2</width>
</LineStyle>
</Style>
<LineString>
<altitudeMode>clampToGround</altitudeMode>
<extrude>1</extrude>
<tessellate>1</tessellate>
<coordinates>
1.3730555555555557,38.87277777777778
2.0783333333333336,41.29694444444444
</coordinates>
</LineString>
</Placemark>
<Placemark>
<name>Ruta LESO - LEBL</name>
<Style>
<LineStyle>
<color>ff0000ff</color>
<width>2</width>
</LineStyle>
</Style>
<LineString>
<altitudeMode>clampToGround</altitudeMode>
<extrude>1</extrude>
<tessellate>1</tessellate>
<coordinates>
-1.7905555555555555,43.35638888888889
2.0783333333333336,41.29694444444444
</coordinates>
</LineString>
</Placemark>
<Placemark>
<name>Ruta EDDF - LEBL</name>
<Style>
<LineStyle>
<color>ff0000ff</color>
<width>2</width>
</LineStyle>
</Style>
<LineString>
<altitudeMode>clampToGround</altitudeMode>
<extrude>1</extrude>
<tessellate>1</tessellate>
<coordinates>
8.570555555555556,50.03333333333333
2.0783333333333336,41.29694444444444
</coordinates>
</LineString>
</Placemark>
<Placemark>
<name>Ruta EHAM - LEBL</name>
<Style>
<LineStyle>
<color>ff0000ff</color>
<width>2</width>
</LineStyle>
</Style>
<LineString>
<altitudeMode>clampToGround</altitudeMode>
<extrude>1</extrude>
<tessellate>1</tessellate>
<coordinates>
4.764166666666667,52.308055555555555
2.0783333333333336,41.29694444444444
</coordinates>
</LineString>
</Placemark>
<Placemark>
<name>Ruta EIDW - LEBL</name>
<Style>
<LineStyle>
<color>ff00ff00</color>
<width>2</width>
</LineStyle>
</Style>
<LineString>
<altitudeMode>clampToGround</altitudeMode>
<extrude>1</extrude>
<tessellate>1</tessellate>
<coordinates>
-6.27,53.421388888888885
2.0783333333333336,41.29694444444444
</coordinates>
</LineString>
</Placemark>
<Placemark>
<name>Ruta EGKK - LEBL</name>
<Style>
<LineStyle>
<color>ff00ff00</color>
<width>2</width>
</LineStyle>
</Style>
<LineString>
<altitudeMode>clampToGround</altitudeMode>
<extrude>1</extrude>
<tessellate>1</tessellate>
<coordinates>
-0.19027777777777777,51.14805555555556
2.0783333333333336,41.29694444444444
</coordinates>
</LineString>
</Placemark>
<Placemark>
<name>Ruta LTBA - LEBL</name>
<Style>
<LineStyle>
<color>ff00ff00</color>
<width>2</width>
</LineStyle>
</Style>
<LineString>
<altitudeMode>clampToGround</altitudeMode>
<extrude>1</extrude>
<tessellate>1</tessellate>
<coordinates>
28.81416666666667,40.976111111111116
2.0783333333333336,41.29694444444444
</coordinates>
</LineString>
</Placemark>
<Placemark>
<name>Ruta EDDB - LEBL</name>
<Style>
<LineStyle>
<color>ff0000ff</color>
<width>2</width>
</LineStyle>
</Style>
<LineString>
<altitudeMode>clampToGround</altitudeMode>
<extrude>1</extrude>
<tessellate>1</tessellate>
<coordinates>
13.500555555555556,52.36222222222222
2.0783333333333336,41.29694444444444
</coordinates>
</LineString>
</Placemark>
<Placemark>
<name>Ruta LOWW - LEBL</name>
<Style>
<LineStyle>
<color>ff0000ff</color>
<width>2</width>
</LineStyle>
</Style>
<LineString>
<altitudeMode>clampToGround</altitudeMode>
<extrude>1</extrude>
<tessellate>1</tessellate>
<coordinates>
16.56972222222222,48.11027777777778
2.0783333333333336,41.29694444444444
</coordinates>
</LineString>
</Placemark>
<Placemark>
<name>Ruta LOWW - LEBL</name>
<Style>
<LineStyle>
<color>ff0000ff</color>
<width>2</width>
</LineStyle>
</Style>
<LineString>
<altitudeMode>clampToGround</altitudeMode>
<extrude>1</extrude>
<tessellate>1</tessellate>
<coordinates>
16.56972222222222,48.11027777777778
2.0783333333333336,41.29694444444444
</coordinates>
</LineString>
</Placemark>
<Placemark>
<name>Ruta EGBB - LEBL</name>
<Style>
<LineStyle>
<color>ff00ff00</color>
<width>2</width>
</LineStyle>
</Style>
<LineString>
<altitudeMode>clampToGround</altitudeMode>
<extrude>1</extrude>
<tessellate>1</tessellate>
<coordinates>
-1.7480555555555557,52.45388888888889
2.0783333333333336,41.29694444444444
</coordinates>
</LineString>
</Placemark>
<Placemark>
<name>Ruta LPPT - LEBL</name>
<Style>
<LineStyle>
<color>ff0000ff</color>
<width>2</width>
</LineStyle>
</Style>
<LineString>
<altitudeMode>clampToGround</altitudeMode>
<extrude>1</extrude>
<tessellate>1</tessellate>
<coordinates>
-9.134166666666665,38.774166666666666
2.0783333333333336,41.29694444444444
</coordinates>
</LineString>
</Placemark>
<Placemark>
<name>Ruta LEIB - LEBL</name>
<Style>
<LineStyle>
<color>ff0000ff</color>
<width>2</width>
</LineStyle>
</Style>
<LineString>
<altitudeMode>clampToGround</altitudeMode>
<extrude>1</extrude>
<tessellate>1</tessellate>
<coordinates>
1.3730555555555557,38.87277777777778
2.0783333333333336,41.29694444444444
</coordinates>
</LineString>
</Placemark>
<Placemark>
<name>Ruta LIME - LEBL</name>
<Style>
<LineStyle>
<color>ff0000ff</color>
<width>2</width>
</LineStyle>
</Style>
<LineString>
<altitudeMode>clampToGround</altitudeMode>
<extrude>1</extrude>
<tessellate>1</tessellate>
<coordinates>
9.700277777777776,45.66888888888889
2.0783333333333336,41.29694444444444
</coordinates>
</LineString>
</Placemark>
<Placemark>
<name>Ruta EGGD - LEBL</name>
<Style>
<LineStyle>
<color>ff00ff00</color>
<width>2</width>
</LineStyle>
</Style>
<LineString>
<altitudeMode>clampToGround</altitudeMode>
<extrude>1</extrude>
<tessellate>1</tessellate>
<coordinates>
-2.7191666666666667,51.382777777777775
2.0783333333333336,41.29694444444444
</coordinates>
</LineString>
</Placemark>
<Placemark>
<name>Ruta LPPT - LEBL</name>
<Style>
<LineStyle>
<color>ff0000ff</color>
<width>2</width>
</LineStyle>
</Style>
<LineString>
<altitudeMode>clampToGround</altitudeMode>
<extrude>1</extrude>
<tessellate>1</tessellate>
<coordinates>
-9.134166666666665,38.774166666666666
2.0783333333333336,41.29694444444444
</coordinates>
</LineString>
</Placemark>
<Placemark>
<name>Ruta LSGG - LEBL</name>
<Style>
<LineStyle>
<color>ff0000ff</color>
<width>2</width>
</LineStyle>
</Style>
<LineString>
<altitudeMode>clampToGround</altitudeMode>
<extrude>1</extrude>
<tessellate>1</tessellate>
<coordinates>
6.109444444444444,46.23833333333334
2.0783333333333336,41.29694444444444
</coordinates>
</LineString>
</Placemark>
<Placemark>
<name>Ruta EIDW - LEBL</name>
<Style>
<LineStyle>
<color>ff00ff00</color>
<width>2</width>
</LineStyle>
</Style>
<LineString>
<altitudeMode>clampToGround</altitudeMode>
<extrude>1</extrude>
<tessellate>1</tessellate>
<coordinates>
-6.27,53.421388888888885
2.0783333333333336,41.29694444444444
</coordinates>
</LineString>
</Placemark>
<Placemark>
<name>Ruta LFRS - LEBL</name>
<Style>
<LineStyle>
<color>ff0000ff</color>
<width>2</width>
</LineStyle>
</Style>
<LineString>
<altitudeMode>clampToGround</altitudeMode>
<extrude>1</extrude>
<tessellate>1</tessellate>
<coordinates>
-1.607777777777778,47.15694444444444
2.0783333333333336,41.29694444444444
</coordinates>
</LineString>
</Placemark>
<Placemark>
<name>Ruta CYUL - LEBL</name>
<Style>
<LineStyle>
<color>ff00ff00</color>
<width>2</width>
</LineStyle>
</Style>
<LineString>
<altitudeMode>clampToGround</altitudeMode>
<extrude>1</extrude>
<tessellate>1</tessellate>
<coordinates>
-73.74138888888889,45.46805555555556
2.0783333333333336,41.29694444444444
</coordinates>
</LineString>
</Placemark>
<Placemark>
<name>Ruta LEMH - LEBL</name>
<Style>
<LineStyle>
<color>ff0000ff</color>
<width>2</width>
</LineStyle>
</Style>
<LineString>
<altitudeMode>clampToGround</altitudeMode>
<extrude>1</extrude>
<tessellate>1</tessellate>
<coordinates>
4.2186111111111115,39.862500000000004
2.0783333333333336,41.29694444444444
</coordinates>
</LineString>
</Placemark>
<Placemark>
<name>Ruta LFST - LEBL</name>
<Style>
<LineStyle>
<color>ff0000ff</color>
<width>2</width>
</LineStyle>
</Style>
<LineString>
<altitudeMode>clampToGround</altitudeMode>
<extrude>1</extrude>
<tessellate>1</tessellate>
<coordinates>
7.634444444444444,48.54194444444444
2.0783333333333336,41.29694444444444
</coordinates>
</LineString>
</Placemark>
<Placemark>
<name>Ruta EGGP - LEBL</name>
<Style>
<LineStyle>
<color>ff00ff00</color>
<width>2</width>
</LineStyle>
</Style>
<LineString>
<altitudeMode>clampToGround</altitudeMode>
<extrude>1</extrude>
<tessellate>1</tessellate>
<coordinates>
-2.8497222222222223,53.33361111111111
2.0783333333333336,41.29694444444444
</coordinates>
</LineString>
</Placemark>
<Placemark>
<name>Ruta EHAM - LEBL</name>
<Style>
<LineStyle>
<color>ff0000ff</color>
<width>2</width>
</LineStyle>
</Style>
<LineString>
<altitudeMode>clampToGround</altitudeMode>
<extrude>1</extrude>
<tessellate>1</tessellate>
<coordinates>
4.764166666666667,52.308055555555555
2.0783333333333336,41.29694444444444
</coordinates>
</LineString>
</Placemark>
<Placemark>
<name>Ruta EGCC - LEBL</name>
<Style>
<LineStyle>
<color>ff00ff00</color>
<width>2</width>
</LineStyle>
</Style>
<LineString>
<altitudeMode>clampToGround</altitudeMode>
<extrude>1</extrude>
<tessellate>1</tessellate>
<coordinates>
-2.275,53.35388888888889
2.0783333333333336,41.29694444444444
</coordinates>
</LineString>
</Placemark>
<Placemark>
<name>Ruta LEGR - LEBL</name>
<Style>
<LineStyle>
<color>ff0000ff</color>
<width>2</width>
</LineStyle>
</Style>
<LineString>
<altitudeMode>clampToGround</altitudeMode>
<extrude>1</extrude>
<tessellate>1</tessellate>
<coordinates>
-3.777222222222222,37.18861111111111
2.0783333333333336,41.29694444444444
</coordinates>
</LineString>
</Placemark>
<Placemark>
<name>Ruta EGPH - LEBL</name>
<Style>
<LineStyle>
<color>ff00ff00</color>
<width>2</width>
</LineStyle>
</Style>
<LineString>
<altitudeMode>clampToGround</altitudeMode>
<extrude>1</extrude>
<tessellate>1</tessellate>
<coordinates>
-3.3725,55.95
2.0783333333333336,41.29694444444444
</coordinates>
</LineString>
</Placemark>
<Placemark>
<name>Ruta UWKD - LEBL</name>
<Style>
<LineStyle>
<color>ff00ff00</color>
<width>2</width>
</LineStyle>
</Style>
<LineString>
<altitudeMode>clampToGround</altitudeMode>
<extrude>1</extrude>
<tessellate>1</tessellate>
<coordinates>
49.280277777777776,55.606944444444444
2.0783333333333336,41.29694444444444
</coordinates>
</LineString>
</Placemark>
<Placemark>
<name>Ruta DAAG - LEBL</name>
<Style>
<LineStyle>
<color>ff00ff00</color>
<width>2</width>
</LineStyle>
</Style>
<LineString>
<altitudeMode>clampToGround</altitudeMode>
<extrude>1</extrude>
<tessellate>1</tessellate>
<coordinates>
3.2144444444444447,36.693888888888885
2.0783333333333336,41.29694444444444
</coordinates>
</LineString>
</Placemark>
<Placemark>
<name>Ruta EGAA - LEBL</name>
<Style>
<LineStyle>
<color>ff00ff00</color>
<width>2</width>
</LineStyle>
</Style>
<LineString>
<altitudeMode>clampToGround</altitudeMode>
<extrude>1</extrude>
<tessellate>1</tessellate>
<coordinates>
-6.215833333333333,54.6575
2.0783333333333336,41.29694444444444
</coordinates>
</LineString>
</Placemark>
<Placemark>
<name>Ruta LEMD - LEBL</name>
<Style>
<LineStyle>
<color>ff0000ff</color>
<width>2</width>
</LineStyle>
</Style>
<LineString>
<altitudeMode>clampToGround</altitudeMode>
<extrude>1</extrude>
<tessellate>1</tessellate>
<coordinates>
-3.560833333333333,40.47222222222222
2.0783333333333336,41.29694444444444
</coordinates>
</LineString>
</Placemark>
<Placemark>
<name>Ruta LEST - LEBL</name>
<Style>
<LineStyle>
<color>ff0000ff</color>
<width>2</width>
</LineStyle>
</Style>
<LineString>
<altitudeMode>clampToGround</altitudeMode>
<extrude>1</extrude>
<tessellate>1</tessellate>
<coordinates>
-8.415277777777778,42.896388888888886
2.0783333333333336,41.29694444444444
</coordinates>
</LineString>
</Placemark>
<Placemark>
<name>Ruta EGBB - LEBL</name>
<Style>
<LineStyle>
<color>ff00ff00</color>
<width>2</width>
</LineStyle>
</Style>
<LineString>
<altitudeMode>clampToGround</altitudeMode>
<extrude>1</extrude>
<tessellate>1</tessellate>
<coordinates>
-1.7480555555555557,52.45388888888889
2.0783333333333336,41.29694444444444
</coordinates>
</LineString>
</Placemark>
<Placemark>
<name>Ruta LFMN - LEBL</name>
<Style>
<LineStyle>
<color>ff0000ff</color>
<width>2</width>
</LineStyle>
</Style>
<LineString>
<altitudeMode>clampToGround</altitudeMode>
<extrude>1</extrude>
<tessellate>1</tessellate>
<coordinates>
7.215,43.665277777777774
2.0783333333333336,41.29694444444444
</coordinates>
</LineString>
</Placemark>
<Placemark>
<name>Ruta EBBR - LEBL</name>
<Style>
<LineStyle>
<color>ff0000ff</color>
<width>2</width>
</LineStyle>
</Style>
<LineString>
<altitudeMode>clampToGround</altitudeMode>
<extrude>1</extrude>
<tessellate>1</tessellate>
<coordinates>
4.484444444444445,50.90138888888889
2.0783333333333336,41.29694444444444
</coordinates>
</LineString>
</Placemark>
<Placemark>
<name>Ruta LROP - LEBL</name>
<Style>
<LineStyle>
<color>ff00ff00</color>
<width>2</width>
</LineStyle>
</Style>
<LineString>
<altitudeMode>clampToGround</altitudeMode>
<extrude>1</extrude>
<tessellate>1</tessellate>
<coordinates>
26.084999999999997,44.571111111111115
2.0783333333333336,41.29694444444444
</coordinates>
</LineString>
</Placemark>
<Placemark>
<name>Ruta LFOB - LEBL</name>
<Style>
<LineStyle>
<color>ff0000ff</color>
<width>2</width>
</LineStyle>
</Style>
<LineString>
<altitudeMode>clampToGround</altitudeMode>
<extrude>1</extrude>
<tessellate>1</tessellate>
<coordinates>
2.112777777777778,49.45444444444445
2.0783333333333336,41.29694444444444
</coordinates>
</LineString>
</Placemark>
<Placemark>
<name>Ruta LROP - LEBL</name>
<Style>
<LineStyle>
<color>ff00ff00</color>
<width>2</width>
</LineStyle>
</Style>
<LineString>
<altitudeMode>clampToGround</altitudeMode>
<extrude>1</extrude>
<tessellate>1</tessellate>
<coordinates>
26.084999999999997,44.571111111111115
2.0783333333333336,41.29694444444444
</coordinates>
</LineString>
</Placemark>
<Placemark>
<name>Ruta LLBG - LEBL</name>
<Style>
<LineStyle>
<color>ff00ff00</color>
<width>2</width>
</LineStyle>
</Style>
<LineString>
<altitudeMode>clampToGround</altitudeMode>
<extrude>1</extrude>
<tessellate>1</tessellate>
<coordinates>
34.885555555555555,32.00944444444445
2.0783333333333336,41.29694444444444
</coordinates>
</LineString>
</Placemark>
<Placemark>
<name>Ruta EGLL - LEBL</name>
<Style>
<LineStyle>
<color>ff00ff00</color>
<width>2</width>
</LineStyle>
</Style>
<LineString>
<altitudeMode>clampToGround</altitudeMode>
<extrude>1</extrude>
<tessellate>1</tessellate>
<coordinates>
-0.4613888888888889,51.4775
2.0783333333333336,41.29694444444444
</coordinates>
</LineString>
</Placemark>
<Placemark>
<name>Ruta KMIA - LEBL</name>
<Style>
<LineStyle>
<color>ff00ff00</color>
<width>2</width>
</LineStyle>
</Style>
<LineString>
<altitudeMode>clampToGround</altitudeMode>
<extrude>1</extrude>
<tessellate>1</tessellate>
<coordinates>
-80.28333333333333,25.8
2.0783333333333336,41.29694444444444
</coordinates>
</LineString>
</Placemark>
<Placemark>
<name>Ruta EGKK - LEBL</name>
<Style>
<LineStyle>
<color>ff00ff00</color>
<width>2</width>
</LineStyle>
</Style>
<LineString>
<altitudeMode>clampToGround</altitudeMode>
<extrude>1</extrude>
<tessellate>1</tessellate>
<coordinates>
-0.19027777777777777,51.14805555555556
2.0783333333333336,41.29694444444444
</coordinates>
</LineString>
</Placemark>
<Placemark>
<name>Ruta LGAV - LEBL</name>
<Style>
<LineStyle>
<color>ff0000ff</color>
<width>2</width>
</LineStyle>
</Style>
<LineString>
<altitudeMode>clampToGround</altitudeMode>
<extrude>1</extrude>
<tessellate>1</tessellate>
<coordinates>
23.944444444444446,37.93666666666666
2.0783333333333336,41.29694444444444
</coordinates>
</LineString>
</Placemark>
<Placemark>
<name>Ruta GCLP - LEBL</name>
<Style>
<LineStyle>
<color>ff00ff00</color>
<width>2</width>
</LineStyle>
</Style>
<LineString>
<altitudeMode>clampToGround</altitudeMode>
<extrude>1</extrude>
<tessellate>1</tessellate>
<coordinates>
-15.386666666666667,27.931944444444447
2.0783333333333336,41.29694444444444
</coordinates>
</LineString>
</Placemark>
<Placemark>
<name>Ruta ENGM - LEBL</name>
<Style>
<LineStyle>
<color>ff0000ff</color>
<width>2</width>
</LineStyle>
</Style>
<LineString>
<altitudeMode>clampToGround</altitudeMode>
<extrude>1</extrude>
<tessellate>1</tessellate>
<coordinates>
11.08388888888889,60.20277777777778
2.0783333333333336,41.29694444444444
</coordinates>
</LineString>
</Placemark>
<Placemark>
<name>Ruta LEMD - LEBL</name>
<Style>
<LineStyle>
<color>ff0000ff</color>
<width>2</width>
</LineStyle>
</Style>
<LineString>
<altitudeMode>clampToGround</altitudeMode>
<extrude>1</extrude>
<tessellate>1</tessellate>
<coordinates>
-3.560833333333333,40.47222222222222
2.0783333333333336,41.29694444444444
</coordinates>
</LineString>
</Placemark>
<Placemark>
<name>Ruta LIRF - LEBL</name>
<Style>
<LineStyle>
<color>ff0000ff</color>
<width>2</width>
</LineStyle>
</Style>
<LineString>
<altitudeMode>clampToGround</altitudeMode>
<extrude>1</extrude>
<tessellate>1</tessellate>
<coordinates>
12.238888888888889,41.80027777777777
2.0783333333333336,41.29694444444444
</coordinates>
</LineString>
</Placemark>
<Placemark>
<name>Ruta LEZL - LEBL</name>
<Style>
<LineStyle>
<color>ff0000ff</color>
<width>2</width>
</LineStyle>
</Style>
<LineString>
<altitudeMode>clampToGround</altitudeMode>
<extrude>1</extrude>
<tessellate>1</tessellate>
<coordinates>
-5.898888888888888,37.418055555555554
2.0783333333333336,41.29694444444444
</coordinates>
</LineString>
</Placemark>
<Placemark>
<name>Ruta EGCC - LEBL</name>
<Style>
<LineStyle>
<color>ff00ff00</color>
<width>2</width>
</LineStyle>
</Style>
<LineString>
<altitudeMode>clampToGround</altitudeMode>
<extrude>1</extrude>
<tessellate>1</tessellate>
<coordinates>
-2.275,53.35388888888889
2.0783333333333336,41.29694444444444
</coordinates>
</LineString>
</Placemark>
<Placemark>
<name>Ruta EPWA - LEBL</name>
<Style>
<LineStyle>
<color>ff0000ff</color>
<width>2</width>
</LineStyle>
</Style>
<LineString>
<altitudeMode>clampToGround</altitudeMode>
<extrude>1</extrude>
<tessellate>1</tessellate>
<coordinates>
20.96722222222222,52.16583333333333
2.0783333333333336,41.29694444444444
</coordinates>
</LineString>
</Placemark>
<Placemark>
<name>Ruta LIRF - LEBL</name>
<Style>
<LineStyle>
<color>ff0000ff</color>
<width>2</width>
</LineStyle>
</Style>
<LineString>
<altitudeMode>clampToGround</altitudeMode>
<extrude>1</extrude>
<tessellate>1</tessellate>
<coordinates>
12.238888888888889,41.80027777777777
2.0783333333333336,41.29694444444444
</coordinates>
</LineString>
</Placemark>
<Placemark>
<name>Ruta KPHL - LEBL</name>
<Style>
<LineStyle>
<color>ff00ff00</color>
<width>2</width>
</LineStyle>
</Style>
<LineString>
<altitudeMode>clampToGround</altitudeMode>
<extrude>1</extrude>
<tessellate>1</tessellate>
<coordinates>
-75.245,39.87
2.0783333333333336,41.29694444444444
</coordinates>
</LineString>
</Placemark>
<Placemark>
<name>Ruta UUEE - LEBL</name>
<Style>
<LineStyle>
<color>ff00ff00</color>
<width>2</width>
</LineStyle>
</Style>
<LineString>
<altitudeMode>clampToGround</altitudeMode>
<extrude>1</extrude>
<tessellate>1</tessellate>
<coordinates>
37.41305555555555,55.972500000000004
2.0783333333333336,41.29694444444444
</coordinates>
</LineString>
</Placemark>
<Placemark>
<name>Ruta LEMD - LEBL</name>
<Style>
<LineStyle>
<color>ff0000ff</color>
<width>2</width>
</LineStyle>
</Style>
<LineString>
<altitudeMode>clampToGround</altitudeMode>
<extrude>1</extrude>
<tessellate>1</tessellate>
<coordinates>
-3.560833333333333,40.47222222222222
2.0783333333333336,41.29694444444444
</coordinates>
</LineString>
</Placemark>
<Placemark>
<name>Ruta GCXO - LEBL</name>
<Style>
<LineStyle>
<color>ff00ff00</color>
<width>2</width>
</LineStyle>
</Style>
<LineString>
<altitudeMode>clampToGround</altitudeMode>
<extrude>1</extrude>
<tessellate>1</tessellate>
<coordinates>
-16.341666666666665,28.482777777777777
2.0783333333333336,41.29694444444444
</coordinates>
</LineString>
</Placemark>
<Placemark>
<name>Ruta LFPO - LEBL</name>
<Style>
<LineStyle>
<color>ff0000ff</color>
<width>2</width>
</LineStyle>
</Style>
<LineString>
<altitudeMode>clampToGround</altitudeMode>
<extrude>1</extrude>
<tessellate>1</tessellate>
<coordinates>
2.3794444444444447,48.723333333333336
2.0783333333333336,41.29694444444444
</coordinates>
</LineString>
</Placemark>
<Placemark>
<name>Ruta LEPA - LEBL</name>
<Style>
<LineStyle>
<color>ff0000ff</color>
<width>2</width>
</LineStyle>
</Style>
<LineString>
<altitudeMode>clampToGround</altitudeMode>
<extrude>1</extrude>
<tessellate>1</tessellate>
<coordinates>
2.738888888888889,39.55166666666666
2.0783333333333336,41.29694444444444
</coordinates>
</LineString>
</Placemark>
<Placemark>
<name>Ruta ULLI - LEBL</name>
<Style>
<LineStyle>
<color>ff00ff00</color>
<width>2</width>
</LineStyle>
</Style>
<LineString>
<altitudeMode>clampToGround</altitudeMode>
<extrude>1</extrude>
<tessellate>1</tessellate>
<coordinates>
30.2625,59.80027777777777
2.0783333333333336,41.29694444444444
</coordinates>
</LineString>
</Placemark>
<Placemark>
<name>Ruta LDZA - LEBL</name>
<Style>
<LineStyle>
<color>ff0000ff</color>
<width>2</width>
</LineStyle>
</Style>
<LineString>
<altitudeMode>clampToGround</altitudeMode>
<extrude>1</extrude>
<tessellate>1</tessellate>
<coordinates>
16.06888888888889,45.74305555555556
2.0783333333333336,41.29694444444444
</coordinates>
</LineString>
</Placemark>
<Placemark>
<name>Ruta EDDM - LEBL</name>
<Style>
<LineStyle>
<color>ff0000ff</color>
<width>2</width>
</LineStyle>
</Style>
<LineString>
<altitudeMode>clampToGround</altitudeMode>
<extrude>1</extrude>
<tessellate>1</tessellate>
<coordinates>
11.786111111111111,48.35388888888889
2.0783333333333336,41.29694444444444
</coordinates>
</LineString>
</Placemark>
<Placemark>
<name>Ruta EGSS - LEBL</name>
<Style>
<LineStyle>
<color>ff00ff00</color>
<width>2</width>
</LineStyle>
</Style>
<LineString>
<altitudeMode>clampToGround</altitudeMode>
<extrude>1</extrude>
<tessellate>1</tessellate>
<coordinates>
0.23500000000000001,51.885
2.0783333333333336,41.29694444444444
</coordinates>
</LineString>
</Placemark>
<Placemark>
<name>Ruta LSGG - LEBL</name>
<Style>
<LineStyle>
<color>ff0000ff</color>
<width>2</width>
</LineStyle>
</Style>
<LineString>
<altitudeMode>clampToGround</altitudeMode>
<extrude>1</extrude>
<tessellate>1</tessellate>
<coordinates>
6.109444444444444,46.23833333333334
2.0783333333333336,41.29694444444444
</coordinates>
</LineString>
</Placemark>
<Placemark>
<name>Ruta LEVX - LEBL</name>
<Style>
<LineStyle>
<color>ff0000ff</color>
<width>2</width>
</LineStyle>
</Style>
<LineString>
<altitudeMode>clampToGround</altitudeMode>
<extrude>1</extrude>
<tessellate>1</tessellate>
<coordinates>
-8.627500000000001,42.22916666666667
2.0783333333333336,41.29694444444444
</coordinates>
</LineString>
</Placemark>
<Placemark>
<name>Ruta ENGM - LEBL</name>
<Style>
<LineStyle>
<color>ff0000ff</color>
<width>2</width>
</LineStyle>
</Style>
<LineString>
<altitudeMode>clampToGround</altitudeMode>
<extrude>1</extrude>
<tessellate>1</tessellate>
<coordinates>
11.08388888888889,60.20277777777778
2.0783333333333336,41.29694444444444
</coordinates>
</LineString>
</Placemark>
<Placemark>
<name>Ruta LIRQ - LEBL</name>
<Style>
<LineStyle>
<color>ff0000ff</color>
<width>2</width>
</LineStyle>
</Style>
<LineString>
<altitudeMode>clampToGround</altitudeMode>
<extrude>1</extrude>
<tessellate>1</tessellate>
<coordinates>
11.202777777777778,43.808611111111105
2.0783333333333336,41.29694444444444
</coordinates>
</LineString>
</Placemark>
<Placemark>
<name>Ruta EGGW - LEBL</name>
<Style>
<LineStyle>
<color>ff00ff00</color>
<width>2</width>
</LineStyle>
</Style>
<LineString>
<altitudeMode>clampToGround</altitudeMode>
<extrude>1</extrude>
<tessellate>1</tessellate>
<coordinates>
-0.3683333333333333,51.874722222222225
2.0783333333333336,41.29694444444444
</coordinates>
</LineString>
</Placemark>
<Placemark>
<name>Ruta LIPZ - LEBL</name>
<Style>
<LineStyle>
<color>ff0000ff</color>
<width>2</width>
</LineStyle>
</Style>
<LineString>
<altitudeMode>clampToGround</altitudeMode>
<extrude>1</extrude>
<tessellate>1</tessellate>
<coordinates>
12.351944444444444,45.50527777777778
2.0783333333333336,41.29694444444444
</coordinates>
</LineString>
</Placemark>
<Placemark>
<name>Ruta EBBR - LEBL</name>
<Style>
<LineStyle>
<color>ff0000ff</color>
<width>2</width>
</LineStyle>
</Style>
<LineString>
<altitudeMode>clampToGround</altitudeMode>
<extrude>1</extrude>
<tessellate>1</tessellate>
<coordinates>
4.484444444444445,50.90138888888889
2.0783333333333336,41.29694444444444
</coordinates>
</LineString>
</Placemark>
<Placemark>
<name>Ruta EGCC - LEBL</name>
<Style>
<LineStyle>
<color>ff00ff00</color>
<width>2</width>
</LineStyle>
</Style>
<LineString>
<altitudeMode>clampToGround</altitudeMode>
<extrude>1</extrude>
<tessellate>1</tessellate>
<coordinates>
-2.275,53.35388888888889
2.0783333333333336,41.29694444444444
</coordinates>
</LineString>
</Placemark>
<Placemark>
<name>Ruta LFSB - LEBL</name>
<Style>
<LineStyle>
<color>ff0000ff</color>
<width>2</width>
</LineStyle>
</Style>
<LineString>
<altitudeMode>clampToGround</altitudeMode>
<extrude>1</extrude>
<tessellate>1</tessellate>
<coordinates>
7.529166666666667,47.59
2.0783333333333336,41.29694444444444
</coordinates>
</LineString>
</Placemark>
<Placemark>
<name>Ruta EDDF - LEBL</name>
<Style>
<LineStyle>
<color>ff0000ff</color>
<width>2</width>
</LineStyle>
</Style>
<LineString>
<altitudeMode>clampToGround</altitudeMode>
<extrude>1</extrude>
<tessellate>1</tessellate>
<coordinates>
8.570555555555556,50.03333333333333
2.0783333333333336,41.29694444444444
</coordinates>
</LineString>
</Placemark>
<Placemark>
<name>Ruta LLBG - LEBL</name>
<Style>
<LineStyle>
<color>ff00ff00</color>
<width>2</width>
</LineStyle>
</Style>
<LineString>
<altitudeMode>clampToGround</altitudeMode>
<extrude>1</extrude>
<tessellate>1</tessellate>
<coordinates>
34.885555555555555,32.00944444444445
2.0783333333333336,41.29694444444444
</coordinates>
</LineString>
</Placemark>
<Placemark>
<name>Ruta EKCH - LEBL</name>
<Style>
<LineStyle>
<color>ff0000ff</color>
<width>2</width>
</LineStyle>
</Style>
<LineString>
<altitudeMode>clampToGround</altitudeMode>
<extrude>1</extrude>
<tessellate>1</tessellate>
<coordinates>
12.65611111111111,55.61805555555556
2.0783333333333336,41.29694444444444
</coordinates>
</LineString>
</Placemark>
<Placemark>
<name>Ruta LFBD - LEBL</name>
<Style>
<LineStyle>
<color>ff0000ff</color>
<width>2</width>
</LineStyle>
</Style>
<LineString>
<altitudeMode>clampToGround</altitudeMode>
<extrude>1</extrude>
<tessellate>1</tessellate>
<coordinates>
-0.7152777777777777,44.828611111111115
2.0783333333333336,41.29694444444444
</coordinates>
</LineString>
</Placemark>
<Placemark>
<name>Ruta LIPE - LEBL</name>
<Style>
<LineStyle>
<color>ff0000ff</color>
<width>2</width>
</LineStyle>
</Style>
<LineString>
<altitudeMode>clampToGround</altitudeMode>
<extrude>1</extrude>
<tessellate>1</tessellate>
<coordinates>
11.296944444444444,44.530833333333334
2.0783333333333336,41.29694444444444
</coordinates>
</LineString>
</Placemark>
<Placemark>
<name>Ruta CYYZ - LEBL</name>
<Style>
<LineStyle>
<color>ff00ff00</color>
<width>2</width>
</LineStyle>
</Style>
<LineString>
<altitudeMode>clampToGround</altitudeMode>
<extrude>1</extrude>
<tessellate>1</tessellate>
<coordinates>
-79.63055555555555,43.67722222222222
2.0783333333333336,41.29694444444444
</coordinates>
</LineString>
</Placemark>
<Placemark>
<name>Ruta LDSP - LEBL</name>
<Style>
<LineStyle>
<color>ff0000ff</color>
<width>2</width>
</LineStyle>
</Style>
<LineString>
<altitudeMode>clampToGround</altitudeMode>
<extrude>1</extrude>
<tessellate>1</tessellate>
<coordinates>
16.298055555555557,43.538888888888884
2.0783333333333336,41.29694444444444
</coordinates>
</LineString>
</Placemark>
<Placemark>
<name>Ruta LEMH - LEBL</name>
<Style>
<LineStyle>
<color>ff0000ff</color>
<width>2</width>
</LineStyle>
</Style>
<LineString>
<altitudeMode>clampToGround</altitudeMode>
<extrude>1</extrude>
<tessellate>1</tessellate>
<coordinates>
4.2186111111111115,39.862500000000004
2.0783333333333336,41.29694444444444
</coordinates>
</LineString>
</Placemark>
<Placemark>
<name>Ruta LSGG - LEBL</name>
<Style>
<LineStyle>
<color>ff0000ff</color>
<width>2</width>
</LineStyle>
</Style>
<LineString>
<altitudeMode>clampToGround</altitudeMode>
<extrude>1</extrude>
<tessellate>1</tessellate>
<coordinates>
6.109444444444444,46.23833333333334
2.0783333333333336,41.29694444444444
</coordinates>
</LineString>
</Placemark>
<Placemark>
<name>Ruta LLBG - LEBL</name>
<Style>
<LineStyle>
<color>ff00ff00</color>
<width>2</width>
</LineStyle>
</Style>
<LineString>
<altitudeMode>clampToGround</altitudeMode>
<extrude>1</extrude>
<tessellate>1</tessellate>
<coordinates>
34.885555555555555,32.00944444444445
2.0783333333333336,41.29694444444444
</coordinates>
</LineString>
</Placemark>
<Placemark>
<name>Ruta LSZH - LEBL</name>
<Style>
<LineStyle>
<color>ff0000ff</color>
<width>2</width>
</LineStyle>
</Style>
<LineString>
<altitudeMode>clampToGround</altitudeMode>
<extrude>1</extrude>
<tessellate>1</tessellate>
<coordinates>
8.548055555555555,47.45805555555556
2.0783333333333336,41.29694444444444
</coordinates>
</LineString>
</Placemark>
<Placemark>
<name>Ruta GMMN - LEBL</name>
<Style>
<LineStyle>
<color>ff00ff00</color>
<width>2</width>
</LineStyle>
</Style>
<LineString>
<altitudeMode>clampToGround</altitudeMode>
<extrude>1</extrude>
<tessellate>1</tessellate>
<coordinates>
-7.581666666666666,33.36416666666667
2.0783333333333336,41.29694444444444
</coordinates>
</LineString>
</Placemark>
<Placemark>
<name>Ruta EGGW - LEBL</name>
<Style>
<LineStyle>
<color>ff00ff00</color>
<width>2</width>
</LineStyle>
</Style>
<LineString>
<altitudeMode>clampToGround</altitudeMode>
<extrude>1</extrude>
<tessellate>1</tessellate>
<coordinates>
-0.3683333333333333,51.874722222222225
2.0783333333333336,41.29694444444444
</coordinates>
</LineString>
</Placemark>
<Placemark>
<name>Ruta DTTA - LEBL</name>
<Style>
<LineStyle>
<color>ff00ff00</color>
<width>2</width>
</LineStyle>
</Style>
<LineString>
<altitudeMode>clampToGround</altitudeMode>
<extrude>1</extrude>
<tessellate>1</tessellate>
<coordinates>
10.226944444444445,36.85111111111111
2.0783333333333336,41.29694444444444
</coordinates>
</LineString>
</Placemark>
<Placemark>
<name>Ruta EDDM - LEBL</name>
<Style>
<LineStyle>
<color>ff0000ff</color>
<width>2</width>
</LineStyle>
</Style>
<LineString>
<altitudeMode>clampToGround</altitudeMode>
<extrude>1</extrude>
<tessellate>1</tessellate>
<coordinates>
11.786111111111111,48.35388888888889
2.0783333333333336,41.29694444444444
</coordinates>
</LineString>
</Placemark>
<Placemark>
<name>Ruta LFCK - LEBL</name>
<Style>
<LineStyle>
<color>ff0000ff</color>
<width>2</width>
</LineStyle>
</Style>
<LineString>
<altitudeMode>clampToGround</altitudeMode>
<extrude>1</extrude>
<tessellate>1</tessellate>
<coordinates>
2.2905555555555552,43.555
2.0783333333333336,41.29694444444444
</coordinates>
</LineString>
</Placemark>
<Placemark>
<name>Ruta EGNM - LEBL</name>
<Style>
<LineStyle>
<color>ff00ff00</color>
<width>2</width>
</LineStyle>
</Style>
<LineString>
<altitudeMode>clampToGround</altitudeMode>
<extrude>1</extrude>
<tessellate>1</tessellate>
<coordinates>
-1.6608333333333332,53.86611111111111
2.0783333333333336,41.29694444444444
</coordinates>
</LineString>
</Placemark>
<Placemark>
<name>Ruta EDDP - LEBL</name>
<Style>
<LineStyle>
<color>ff0000ff</color>
<width>2</width>
</LineStyle>
</Style>
<LineString>
<altitudeMode>clampToGround</altitudeMode>
<extrude>1</extrude>
<tessellate>1</tessellate>
<coordinates>
12.236388888888888,51.42388888888889
2.0783333333333336,41.29694444444444
</coordinates>
</LineString>
</Placemark>
<Placemark>
<name>Ruta LEPA - LEBL</name>
<Style>
<LineStyle>
<color>ff0000ff</color>
<width>2</width>
</LineStyle>
</Style>
<LineString>
<altitudeMode>clampToGround</altitudeMode>
<extrude>1</extrude>
<tessellate>1</tessellate>
<coordinates>
2.738888888888889,39.55166666666666
2.0783333333333336,41.29694444444444
</coordinates>
</LineString>
</Placemark>
<Placemark>
<name>Ruta KJFK - LEBL</name>
<Style>
<LineStyle>
<color>ff00ff00</color>
<width>2</width>
</LineStyle>
</Style>
<LineString>
<altitudeMode>clampToGround</altitudeMode>
<extrude>1</extrude>
<tessellate>1</tessellate>
<coordinates>
-73.77833333333334,40.640277777777776
2.0783333333333336,41.29694444444444
</coordinates>
</LineString>
</Placemark>
<Placemark>
<name>Ruta EGLL - LEBL</name>
<Style>
<LineStyle>
<color>ff00ff00</color>
<width>2</width>
</LineStyle>
</Style>
<LineString>
<altitudeMode>clampToGround</altitudeMode>
<extrude>1</extrude>
<tessellate>1</tessellate>
<coordinates>
-0.4613888888888889,51.4775
2.0783333333333336,41.29694444444444
</coordinates>
</LineString>
</Placemark>
<Placemark>
<name>Ruta KCLT - LEBL</name>
<Style>
<LineStyle>
<color>ff00ff00</color>
<width>2</width>
</LineStyle>
</Style>
<LineString>
<altitudeMode>clampToGround</altitudeMode>
<extrude>1</extrude>
<tessellate>1</tessellate>
<coordinates>
-80.95,35.21666666666667
2.0783333333333336,41.29694444444444
</coordinates>
</LineString>
</Placemark>
<Placemark>
<name>Ruta EDDF - LEBL</name>
<Style>
<LineStyle>
<color>ff0000ff</color>
<width>2</width>
</LineStyle>
</Style>
<LineString>
<altitudeMode>clampToGround</altitudeMode>
<extrude>1</extrude>
<tessellate>1</tessellate>
<coordinates>
8.570555555555556,50.03333333333333
2.0783333333333336,41.29694444444444
</coordinates>
</LineString>
</Placemark>
<Placemark>
<name>Ruta EHAM - LEBL</name>
<Style>
<LineStyle>
<color>ff0000ff</color>
<width>2</width>
</LineStyle>
</Style>
<LineString>
<altitudeMode>clampToGround</altitudeMode>
<extrude>1</extrude>
<tessellate>1</tessellate>
<coordinates>
4.764166666666667,52.308055555555555
2.0783333333333336,41.29694444444444
</coordinates>
</LineString>
</Placemark>
<Placemark>
<name>Ruta LIML - LEBL</name>
<Style>
<LineStyle>
<color>ff0000ff</color>
<width>2</width>
</LineStyle>
</Style>
<LineString>
<altitudeMode>clampToGround</altitudeMode>
<extrude>1</extrude>
<tessellate>1</tessellate>
<coordinates>
9.278333333333334,45.44944444444444
2.0783333333333336,41.29694444444444
</coordinates>
</LineString>
</Placemark>
<Placemark>
<name>Ruta LEMD - LEBL</name>
<Style>
<LineStyle>
<color>ff0000ff</color>
<width>2</width>
</LineStyle>
</Style>
<LineString>
<altitudeMode>clampToGround</altitudeMode>
<extrude>1</extrude>
<tessellate>1</tessellate>
<coordinates>
-3.560833333333333,40.47222222222222
2.0783333333333336,41.29694444444444
</coordinates>
</LineString>
</Placemark>
<Placemark>
<name>Ruta LFPG - LEBL</name>
<Style>
<LineStyle>
<color>ff0000ff</color>
<width>2</width>
</LineStyle>
</Style>
<LineString>
<altitudeMode>clampToGround</altitudeMode>
<extrude>1</extrude>
<tessellate>1</tessellate>
<coordinates>
2.5477777777777777,49.00972222222222
2.0783333333333336,41.29694444444444
</coordinates>
</LineString>
</Placemark>
<Placemark>
<name>Ruta EGKK - LEBL</name>
<Style>
<LineStyle>
<color>ff00ff00</color>
<width>2</width>
</LineStyle>
</Style>
<LineString>
<altitudeMode>clampToGround</altitudeMode>
<extrude>1</extrude>
<tessellate>1</tessellate>
<coordinates>
-0.19027777777777777,51.14805555555556
2.0783333333333336,41.29694444444444
</coordinates>
</LineString>
</Placemark>
<Placemark>
<name>Ruta LPPT - LEBL</name>
<Style>
<LineStyle>
<color>ff0000ff</color>
<width>2</width>
</LineStyle>
</Style>
<LineString>
<altitudeMode>clampToGround</altitudeMode>
<extrude>1</extrude>
<tessellate>1</tessellate>
<coordinates>
-9.134166666666665,38.774166666666666
2.0783333333333336,41.29694444444444
</coordinates>
</LineString>
</Placemark>
<Placemark>
<name>Ruta EHAM - LEBL</name>
<Style>
<LineStyle>
<color>ff0000ff</color>
<width>2</width>
</LineStyle>
</Style>
<LineString>
<altitudeMode>clampToGround</altitudeMode>
<extrude>1</extrude>
<tessellate>1</tessellate>
<coordinates>
4.764166666666667,52.308055555555555
2.0783333333333336,41.29694444444444
</coordinates>
</LineString>
</Placemark>
<Placemark>
<name>Ruta LEBB - LEBL</name>
<Style>
<LineStyle>
<color>ff0000ff</color>
<width>2</width>
</LineStyle>
</Style>
<LineString>
<altitudeMode>clampToGround</altitudeMode>
<extrude>1</extrude>
<tessellate>1</tessellate>
<coordinates>
-2.9105555555555553,43.301111111111105
2.0783333333333336,41.29694444444444
</coordinates>
</LineString>
</Placemark>
<Placemark>
<name>Ruta CYUL - LEBL</name>
<Style>
<LineStyle>
<color>ff00ff00</color>
<width>2</width>
</LineStyle>
</Style>
<LineString>
<altitudeMode>clampToGround</altitudeMode>
<extrude>1</extrude>
<tessellate>1</tessellate>
<coordinates>
-73.74138888888889,45.46805555555556
2.0783333333333336,41.29694444444444
</coordinates>
</LineString>
</Placemark>
<Placemark>
<name>Ruta EDDH - LEBL</name>
<Style>
<LineStyle>
<color>ff0000ff</color>
<width>2</width>
</LineStyle>
</Style>
<LineString>
<altitudeMode>clampToGround</altitudeMode>
<extrude>1</extrude>
<tessellate>1</tessellate>
<coordinates>
9.988333333333333,53.63027777777778
2.0783333333333336,41.29694444444444
</coordinates>
</LineString>
</Placemark>
<Placemark>
<name>Ruta LEBB - LEBL</name>
<Style>
<LineStyle>
<color>ff0000ff</color>
<width>2</width>
</LineStyle>
</Style>
<LineString>
<altitudeMode>clampToGround</altitudeMode>
<extrude>1</extrude>
<tessellate>1</tessellate>
<coordinates>
-2.9105555555555553,43.301111111111105
2.0783333333333336,41.29694444444444
</coordinates>
</LineString>
</Placemark>
<Placemark>
<name>Ruta LIRF - LEBL</name>
<Style>
<LineStyle>
<color>ff0000ff</color>
<width>2</width>
</LineStyle>
</Style>
<LineString>
<altitudeMode>clampToGround</altitudeMode>
<extrude>1</extrude>
<tessellate>1</tessellate>
<coordinates>
12.238888888888889,41.80027777777777
2.0783333333333336,41.29694444444444
</coordinates>
</LineString>
</Placemark>
<Placemark>
<name>Ruta CYYZ - LEBL</name>
<Style>
<LineStyle>
<color>ff00ff00</color>
<width>2</width>
</LineStyle>
</Style>
<LineString>
<altitudeMode>clampToGround</altitudeMode>
<extrude>1</extrude>
<tessellate>1</tessellate>
<coordinates>
-79.63055555555555,43.67722222222222
2.0783333333333336,41.29694444444444
</coordinates>
</LineString>
</Placemark>
<Placemark>
<name>Ruta EGKK - LEBL</name>
<Style>
<LineStyle>
<color>ff00ff00</color>
<width>2</width>
</LineStyle>
</Style>
<LineString>
<altitudeMode>clampToGround</altitudeMode>
<extrude>1</extrude>
<tessellate>1</tessellate>
<coordinates>
-0.19027777777777777,51.14805555555556
2.0783333333333336,41.29694444444444
</coordinates>
</LineString>
</Placemark>
<Placemark>
<name>Ruta KIAD - LEBL</name>
<Style>
<LineStyle>
<color>ff00ff00</color>
<width>2</width>
</LineStyle>
</Style>
<LineString>
<altitudeMode>clampToGround</altitudeMode>
<extrude>1</extrude>
<tessellate>1</tessellate>
<coordinates>
-77.45666666666666,38.94499999999999
2.0783333333333336,41.29694444444444
</coordinates>
</LineString>
</Placemark>
<Placemark>
<name>Ruta LEBB - LEBL</name>
<Style>
<LineStyle>
<color>ff0000ff</color>
<width>2</width>
</LineStyle>
</Style>
<LineString>
<altitudeMode>clampToGround</altitudeMode>
<extrude>1</extrude>
<tessellate>1</tessellate>
<coordinates>
-2.9105555555555553,43.301111111111105
2.0783333333333336,41.29694444444444
</coordinates>
</LineString>
</Placemark>
<Placemark>
<name>Ruta UKBB - LEBL</name>
<Style>
<LineStyle>
<color>ff00ff00</color>
<width>2</width>
</LineStyle>
</Style>
<LineString>
<altitudeMode>clampToGround</altitudeMode>
<extrude>1</extrude>
<tessellate>1</tessellate>
<coordinates>
30.893333333333334,50.344722222222224
2.0783333333333336,41.29694444444444
</coordinates>
</LineString>
</Placemark>
<Placemark>
<name>Ruta LLBG - LEBL</name>
<Style>
<LineStyle>
<color>ff00ff00</color>
<width>2</width>
</LineStyle>
</Style>
<LineString>
<altitudeMode>clampToGround</altitudeMode>
<extrude>1</extrude>
<tessellate>1</tessellate>
<coordinates>
34.885555555555555,32.00944444444445
2.0783333333333336,41.29694444444444
</coordinates>
</LineString>
</Placemark>
<Placemark>
<name>Ruta EGNX - LEBL</name>
<Style>
<LineStyle>
<color>ff00ff00</color>
<width>2</width>
</LineStyle>
</Style>
<LineString>
<altitudeMode>clampToGround</altitudeMode>
<extrude>1</extrude>
<tessellate>1</tessellate>
<coordinates>
-1.3277777777777777,52.83111111111111
2.0783333333333336,41.29694444444444
</coordinates>
</LineString>
</Placemark>
<Placemark>
<name>Ruta LFQQ - LEBL</name>
<Style>
<LineStyle>
<color>ff0000ff</color>
<width>2</width>
</LineStyle>
</Style>
<LineString>
<altitudeMode>clampToGround</altitudeMode>
<extrude>1</extrude>
<tessellate>1</tessellate>
<coordinates>
3.0869444444444447,50.56333333333333
2.0783333333333336,41.29694444444444
</coordinates>
</LineString>
</Placemark>
<Placemark>
<name>Ruta EDDF - LEBL</name>
<Style>
<LineStyle>
<color>ff0000ff</color>
<width>2</width>
</LineStyle>
</Style>
<LineString>
<altitudeMode>clampToGround</altitudeMode>
<extrude>1</extrude>
<tessellate>1</tessellate>
<coordinates>
8.570555555555556,50.03333333333333
2.0783333333333336,41.29694444444444
</coordinates>
</LineString>
</Placemark>
<Placemark>
<name>Ruta EHEH - LEBL</name>
<Style>
<LineStyle>
<color>ff0000ff</color>
<width>2</width>
</LineStyle>
</Style>
<LineString>
<altitudeMode>clampToGround</altitudeMode>
<extrude>1</extrude>
<tessellate>1</tessellate>
<coordinates>
5.374444444444444,51.45
2.0783333333333336,41.29694444444444
</coordinates>
</LineString>
</Placemark>
<Placemark>
<name>Ruta LTFJ - LEBL</name>
<Style>
<LineStyle>
<color>ff00ff00</color>
<width>2</width>
</LineStyle>
</Style>
<LineString>
<altitudeMode>clampToGround</altitudeMode>
<extrude>1</extrude>
<tessellate>1</tessellate>
<coordinates>
29.309166666666666,40.89833333333333
2.0783333333333336,41.29694444444444
</coordinates>
</LineString>
</Placemark>
<Placemark>
<name>Ruta LKPR - LEBL</name>
<Style>
<LineStyle>
<color>ff0000ff</color>
<width>2</width>
</LineStyle>
</Style>
<LineString>
<altitudeMode>clampToGround</altitudeMode>
<extrude>1</extrude>
<tessellate>1</tessellate>
<coordinates>
14.26,50.100833333333334
2.0783333333333336,41.29694444444444
</coordinates>
</LineString>
</Placemark>
<Placemark>
<name>Ruta UKBB - LEBL</name>
<Style>
<LineStyle>
<color>ff00ff00</color>
<width>2</width>
</LineStyle>
</Style>
<LineString>
<altitudeMode>clampToGround</altitudeMode>
<extrude>1</extrude>
<tessellate>1</tessellate>
<coordinates>
30.893333333333334,50.344722222222224
2.0783333333333336,41.29694444444444
</coordinates>
</LineString>
</Placemark>
<Placemark>
<name>Ruta EGBB - LEBL</name>
<Style>
<LineStyle>
<color>ff00ff00</color>
<width>2</width>
</LineStyle>
</Style>
<LineString>
<altitudeMode>clampToGround</altitudeMode>
<extrude>1</extrude>
<tessellate>1</tessellate>
<coordinates>
-1.7480555555555557,52.45388888888889
2.0783333333333336,41.29694444444444
</coordinates>
</LineString>
</Placemark>
<Placemark>
<name>Ruta LEMH - LEBL</name>
<Style>
<LineStyle>
<color>ff0000ff</color>
<width>2</width>
</LineStyle>
</Style>
<LineString>
<altitudeMode>clampToGround</altitudeMode>
<extrude>1</extrude>
<tessellate>1</tessellate>
<coordinates>
4.2186111111111115,39.862500000000004
2.0783333333333336,41.29694444444444
</coordinates>
</LineString>
</Placemark>
<Placemark>
<name>Ruta LEIB - LEBL</name>
<Style>
<LineStyle>
<color>ff0000ff</color>
<width>2</width>
</LineStyle>
</Style>
<LineString>
<altitudeMode>clampToGround</altitudeMode>
<extrude>1</extrude>
<tessellate>1</tessellate>
<coordinates>
1.3730555555555557,38.87277777777778
2.0783333333333336,41.29694444444444
</coordinates>
</LineString>
</Placemark>
<Placemark>
<name>Ruta OTHH - LEBL</name>
<Style>
<LineStyle>
<color>ff00ff00</color>
<width>2</width>
</LineStyle>
</Style>
<LineString>
<altitudeMode>clampToGround</altitudeMode>
<extrude>1</extrude>
<tessellate>1</tessellate>
<coordinates>
51.608333333333334,25.274444444444445
2.0783333333333336,41.29694444444444
</coordinates>
</LineString>
</Placemark>
<Placemark>
<name>Ruta ESGG - LEBL</name>
<Style>
<LineStyle>
<color>ff0000ff</color>
<width>2</width>
</LineStyle>
</Style>
<LineString>
<altitudeMode>clampToGround</altitudeMode>
<extrude>1</extrude>
<tessellate>1</tessellate>
<coordinates>
12.29111111111111,57.66
2.0783333333333336,41.29694444444444
</coordinates>
</LineString>
</Placemark>
<Placemark>
<name>Ruta OMDB - LEBL</name>
<Style>
<LineStyle>
<color>ff00ff00</color>
<width>2</width>
</LineStyle>
</Style>
<LineString>
<altitudeMode>clampToGround</altitudeMode>
<extrude>1</extrude>
<tessellate>1</tessellate>
<coordinates>
55.36,25.249166666666667
2.0783333333333336,41.29694444444444
</coordinates>
</LineString>
</Placemark>
<Placemark>
<name>Ruta EDDT - LEBL</name>
<Style>
<LineStyle>
<color>ff0000ff</color>
<width>2</width>
</LineStyle>
</Style>
<LineString>
<altitudeMode>clampToGround</altitudeMode>
<extrude>1</extrude>
<tessellate>1</tessellate>
<coordinates>
13.287777777777778,52.55972222222222
2.0783333333333336,41.29694444444444
</coordinates>
</LineString>
</Placemark>
<Placemark>
<name>Ruta EDDH - LEBL</name>
<Style>
<LineStyle>
<color>ff0000ff</color>
<width>2</width>
</LineStyle>
</Style>
<LineString>
<altitudeMode>clampToGround</altitudeMode>
<extrude>1</extrude>
<tessellate>1</tessellate>
<coordinates>
9.988333333333333,53.63027777777778
2.0783333333333336,41.29694444444444
</coordinates>
</LineString>
</Placemark>
<Placemark>
<name>Ruta LEVC - LEBL</name>
<Style>
<LineStyle>
<color>ff0000ff</color>
<width>2</width>
</LineStyle>
</Style>
<LineString>
<altitudeMode>clampToGround</altitudeMode>
<extrude>1</extrude>
<tessellate>1</tessellate>
<coordinates>
-0.4816666666666667,39.489444444444445
2.0783333333333336,41.29694444444444
</coordinates>
</LineString>
</Placemark>
<Placemark>
<name>Ruta LKPR - LEBL</name>
<Style>
<LineStyle>
<color>ff0000ff</color>
<width>2</width>
</LineStyle>
</Style>
<LineString>
<altitudeMode>clampToGround</altitudeMode>
<extrude>1</extrude>
<tessellate>1</tessellate>
<coordinates>
14.26,50.100833333333334
2.0783333333333336,41.29694444444444
</coordinates>
</LineString>
</Placemark>
<Placemark>
<name>Ruta ELLX - LEBL</name>
<Style>
<LineStyle>
<color>ff00ff00</color>
<width>2</width>
</LineStyle>
</Style>
<LineString>
<altitudeMode>clampToGround</altitudeMode>
<extrude>1</extrude>
<tessellate>1</tessellate>
<coordinates>
6.204444444444444,49.623333333333335
2.0783333333333336,41.29694444444444
</coordinates>
</LineString>
</Placemark>
<Placemark>
<name>Ruta GMMX - LEBL</name>
<Style>
<LineStyle>
<color>ff00ff00</color>
<width>2</width>
</LineStyle>
</Style>
<LineString>
<altitudeMode>clampToGround</altitudeMode>
<extrude>1</extrude>
<tessellate>1</tessellate>
<coordinates>
-8.040833333333333,31.608611111111113
2.0783333333333336,41.29694444444444
</coordinates>
</LineString>
</Placemark>
<Placemark>
<name>Ruta LTBA - LEBL</name>
<Style>
<LineStyle>
<color>ff00ff00</color>
<width>2</width>
</LineStyle>
</Style>
<LineString>
<altitudeMode>clampToGround</altitudeMode>
<extrude>1</extrude>
<tessellate>1</tessellate>
<coordinates>
28.81416666666667,40.976111111111116
2.0783333333333336,41.29694444444444
</coordinates>
</LineString>
</Placemark>
<Placemark>
<name>Ruta LEPA - LEBL</name>
<Style>
<LineStyle>
<color>ff0000ff</color>
<width>2</width>
</LineStyle>
</Style>
<LineString>
<altitudeMode>clampToGround</altitudeMode>
<extrude>1</extrude>
<tessellate>1</tessellate>
<coordinates>
2.738888888888889,39.55166666666666
2.0783333333333336,41.29694444444444
</coordinates>
</LineString>
</Placemark>
<Placemark>
<name>Ruta LFMN - LEBL</name>
<Style>
<LineStyle>
<color>ff0000ff</color>
<width>2</width>
</LineStyle>
</Style>
<LineString>
<altitudeMode>clampToGround</altitudeMode>
<extrude>1</extrude>
<tessellate>1</tessellate>
<coordinates>
7.215,43.665277777777774
2.0783333333333336,41.29694444444444
</coordinates>
</LineString>
</Placemark>
<Placemark>
<name>Ruta LPPT - LEBL</name>
<Style>
<LineStyle>
<color>ff0000ff</color>
<width>2</width>
</LineStyle>
</Style>
<LineString>
<altitudeMode>clampToGround</altitudeMode>
<extrude>1</extrude>
<tessellate>1</tessellate>
<coordinates>
-9.134166666666665,38.774166666666666
2.0783333333333336,41.29694444444444
</coordinates>
</LineString>
</Placemark>
<Placemark>
<name>Ruta EYVI - LEBL</name>
<Style>
<LineStyle>
<color>ff0000ff</color>
<width>2</width>
</LineStyle>
</Style>
<LineString>
<altitudeMode>clampToGround</altitudeMode>
<extrude>1</extrude>
<tessellate>1</tessellate>
<coordinates>
25.28777777777778,54.636944444444445
2.0783333333333336,41.29694444444444
</coordinates>
</LineString>
</Placemark>
<Placemark>
<name>Ruta LTFJ - LEBL</name>
<Style>
<LineStyle>
<color>ff00ff00</color>
<width>2</width>
</LineStyle>
</Style>
<LineString>
<altitudeMode>clampToGround</altitudeMode>
<extrude>1</extrude>
<tessellate>1</tessellate>
<coordinates>
29.309166666666666,40.89833333333333
2.0783333333333336,41.29694444444444
</coordinates>
</LineString>
</Placemark>
<Placemark>
<name>Ruta LEAM - LEBL</name>
<Style>
<LineStyle>
<color>ff0000ff</color>
<width>2</width>
</LineStyle>
</Style>
<LineString>
<altitudeMode>clampToGround</altitudeMode>
<extrude>1</extrude>
<tessellate>1</tessellate>
<coordinates>
-2.37,36.84388888888889
2.0783333333333336,41.29694444444444
</coordinates>
</LineString>
</Placemark>
<Placemark>
<name>Ruta LEMD - LEBL</name>
<Style>
<LineStyle>
<color>ff0000ff</color>
<width>2</width>
</LineStyle>
</Style>
<LineString>
<altitudeMode>clampToGround</altitudeMode>
<extrude>1</extrude>
<tessellate>1</tessellate>
<coordinates>
-3.560833333333333,40.47222222222222
2.0783333333333336,41.29694444444444
</coordinates>
</LineString>
</Placemark>
<Placemark>
<name>Ruta LIMC - LEBL</name>
<Style>
<LineStyle>
<color>ff0000ff</color>
<width>2</width>
</LineStyle>
</Style>
<LineString>
<altitudeMode>clampToGround</altitudeMode>
<extrude>1</extrude>
<tessellate>1</tessellate>
<coordinates>
8.723055555555556,45.63
2.0783333333333336,41.29694444444444
</coordinates>
</LineString>
</Placemark>
<Placemark>
<name>Ruta HECA - LEBL</name>
<Style>
<LineStyle>
<color>ff00ff00</color>
<width>2</width>
</LineStyle>
</Style>
<LineString>
<altitudeMode>clampToGround</altitudeMode>
<extrude>1</extrude>
<tessellate>1</tessellate>
<coordinates>
31.413888888888888,30.11138888888889
2.0783333333333336,41.29694444444444
</coordinates>
</LineString>
</Placemark>
<Placemark>
<name>Ruta LFRN - LEBL</name>
<Style>
<LineStyle>
<color>ff0000ff</color>
<width>2</width>
</LineStyle>
</Style>
<LineString>
<altitudeMode>clampToGround</altitudeMode>
<extrude>1</extrude>
<tessellate>1</tessellate>
<coordinates>
-1.7322222222222223,48.07194444444445
2.0783333333333336,41.29694444444444
</coordinates>
</LineString>
</Placemark>
<Placemark>
<name>Ruta LSZH - LEBL</name>
<Style>
<LineStyle>
<color>ff0000ff</color>
<width>2</width>
</LineStyle>
</Style>
<LineString>
<altitudeMode>clampToGround</altitudeMode>
<extrude>1</extrude>
<tessellate>1</tessellate>
<coordinates>
8.548055555555555,47.45805555555556
2.0783333333333336,41.29694444444444
</coordinates>
</LineString>
</Placemark>
<Placemark>
<name>Ruta EGLL - LEBL</name>
<Style>
<LineStyle>
<color>ff00ff00</color>
<width>2</width>
</LineStyle>
</Style>
<LineString>
<altitudeMode>clampToGround</altitudeMode>
<extrude>1</extrude>
<tessellate>1</tessellate>
<coordinates>
-0.4613888888888889,51.4775
2.0783333333333336,41.29694444444444
</coordinates>
</LineString>
</Placemark>
<Placemark>
<name>Ruta GMFF - LEBL</name>
<Style>
<LineStyle>
<color>ff00ff00</color>
<width>2</width>
</LineStyle>
</Style>
<LineString>
<altitudeMode>clampToGround</altitudeMode>
<extrude>1</extrude>
<tessellate>1</tessellate>
<coordinates>
-4.977777777777778,33.92722222222222
2.0783333333333336,41.29694444444444
</coordinates>
</LineString>
</Placemark>
<Placemark>
<name>Ruta ETNL - LEBL</name>
<Style>
<LineStyle>
<color>ff00ff00</color>
<width>2</width>
</LineStyle>
</Style>
<LineString>
<altitudeMode>clampToGround</altitudeMode>
<extrude>1</extrude>
<tessellate>1</tessellate>
<coordinates>
12.278333333333334,53.91916666666666
2.0783333333333336,41.29694444444444
</coordinates>
</LineString>
</Placemark>
<Placemark>
<name>Ruta EDDM - LEBL</name>
<Style>
<LineStyle>
<color>ff0000ff</color>
<width>2</width>
</LineStyle>
</Style>
<LineString>
<altitudeMode>clampToGround</altitudeMode>
<extrude>1</extrude>
<tessellate>1</tessellate>
<coordinates>
11.786111111111111,48.35388888888889
2.0783333333333336,41.29694444444444
</coordinates>
</LineString>
</Placemark>
<Placemark>
<name>Ruta EHAM - LEBL</name>
<Style>
<LineStyle>
<color>ff0000ff</color>
<width>2</width>
</LineStyle>
</Style>
<LineString>
<altitudeMode>clampToGround</altitudeMode>
<extrude>1</extrude>
<tessellate>1</tessellate>
<coordinates>
4.764166666666667,52.308055555555555
2.0783333333333336,41.29694444444444
</coordinates>
</LineString>
</Placemark>
<Placemark>
<name>Ruta LIMF - LEBL</name>
<Style>
<LineStyle>
<color>ff0000ff</color>
<width>2</width>
</LineStyle>
</Style>
<LineString>
<altitudeMode>clampToGround</altitudeMode>
<extrude>1</extrude>
<tessellate>1</tessellate>
<coordinates>
7.649444444444444,45.2025
2.0783333333333336,41.29694444444444
</coordinates>
</LineString>
</Placemark>
<Placemark>
<name>Ruta EGKK - LEBL</name>
<Style>
<LineStyle>
<color>ff00ff00</color>
<width>2</width>
</LineStyle>
</Style>
<LineString>
<altitudeMode>clampToGround</altitudeMode>
<extrude>1</extrude>
<tessellate>1</tessellate>
<coordinates>
-0.19027777777777777,51.14805555555556
2.0783333333333336,41.29694444444444
</coordinates>
</LineString>
</Placemark>
<Placemark>
<name>Ruta EDDB - LEBL</name>
<Style>
<LineStyle>
<color>ff0000ff</color>
<width>2</width>
</LineStyle>
</Style>
<LineString>
<altitudeMode>clampToGround</altitudeMode>
<extrude>1</extrude>
<tessellate>1</tessellate>
<coordinates>
13.500555555555556,52.36222222222222
2.0783333333333336,41.29694444444444
</coordinates>
</LineString>
</Placemark>
<Placemark>
<name>Ruta EHAM - LEBL</name>
<Style>
<LineStyle>
<color>ff0000ff</color>
<width>2</width>
</LineStyle>
</Style>
<LineString>
<altitudeMode>clampToGround</altitudeMode>
<extrude>1</extrude>
<tessellate>1</tessellate>
<coordinates>
4.764166666666667,52.308055555555555
2.0783333333333336,41.29694444444444
</coordinates>
</LineString>
</Placemark>
<Placemark>
<name>Ruta LEPA - LEBL</name>
<Style>
<LineStyle>
<color>ff0000ff</color>
<width>2</width>
</LineStyle>
</Style>
<LineString>
<altitudeMode>clampToGround</altitudeMode>
<extrude>1</extrude>
<tessellate>1</tessellate>
<coordinates>
2.738888888888889,39.55166666666666
2.0783333333333336,41.29694444444444
</coordinates>
</LineString>
</Placemark>
<Placemark>
<name>Ruta LEMG - LEBL</name>
<Style>
<LineStyle>
<color>ff0000ff</color>
<width>2</width>
</LineStyle>
</Style>
<LineString>
<altitudeMode>clampToGround</altitudeMode>
<extrude>1</extrude>
<tessellate>1</tessellate>
<coordinates>
-4.4991666666666665,36.675
2.0783333333333336,41.29694444444444
</coordinates>
</LineString>
</Placemark>
<Placemark>
<name>Ruta LEBB - LEBL</name>
<Style>
<LineStyle>
<color>ff0000ff</color>
<width>2</width>
</LineStyle>
</Style>
<LineString>
<altitudeMode>clampToGround</altitudeMode>
<extrude>1</extrude>
<tessellate>1</tessellate>
<coordinates>
-2.9105555555555553,43.301111111111105
2.0783333333333336,41.29694444444444
</coordinates>
</LineString>
</Placemark>
<Placemark>
<name>Ruta EBBR - LEBL</name>
<Style>
<LineStyle>
<color>ff0000ff</color>
<width>2</width>
</LineStyle>
</Style>
<LineString>
<altitudeMode>clampToGround</altitudeMode>
<extrude>1</extrude>
<tessellate>1</tessellate>
<coordinates>
4.484444444444445,50.90138888888889
2.0783333333333336,41.29694444444444
</coordinates>
</LineString>
</Placemark>
<Placemark>
<name>Ruta EGKK - LEBL</name>
<Style>
<LineStyle>
<color>ff00ff00</color>
<width>2</width>
</LineStyle>
</Style>
<LineString>
<altitudeMode>clampToGround</altitudeMode>
<extrude>1</extrude>
<tessellate>1</tessellate>
<coordinates>
-0.19027777777777777,51.14805555555556
2.0783333333333336,41.29694444444444
</coordinates>
</LineString>
</Placemark>
<Placemark>
<name>Ruta EDDF - LEBL</name>
<Style>
<LineStyle>
<color>ff0000ff</color>
<width>2</width>
</LineStyle>
</Style>
<LineString>
<altitudeMode>clampToGround</altitudeMode>
<extrude>1</extrude>
<tessellate>1</tessellate>
<coordinates>
8.570555555555556,50.03333333333333
2.0783333333333336,41.29694444444444
</coordinates>
</LineString>
</Placemark>
<Placemark>
<name>Ruta SKBO - LEBL</name>
<Style>
<LineStyle>
<color>ff00ff00</color>
<width>2</width>
</LineStyle>
</Style>
<LineString>
<altitudeMode>clampToGround</altitudeMode>
<extrude>1</extrude>
<tessellate>1</tessellate>
<coordinates>
-74.15,4.7
2.0783333333333336,41.29694444444444
</coordinates>
</LineString>
</Placemark>
<Placemark>
<name>Ruta EGLL - LEBL</name>
<Style>
<LineStyle>
<color>ff00ff00</color>
<width>2</width>
</LineStyle>
</Style>
<LineString>
<altitudeMode>clampToGround</altitudeMode>
<extrude>1</extrude>
<tessellate>1</tessellate>
<coordinates>
-0.4613888888888889,51.4775
2.0783333333333336,41.29694444444444
</coordinates>
</LineString>
</Placemark>
<Placemark>
<name>Ruta LIRF - LEBL</name>
<Style>
<LineStyle>
<color>ff0000ff</color>
<width>2</width>
</LineStyle>
</Style>
<LineString>
<altitudeMode>clampToGround</altitudeMode>
<extrude>1</extrude>
<tessellate>1</tessellate>
<coordinates>
12.238888888888889,41.80027777777777
2.0783333333333336,41.29694444444444
</coordinates>
</LineString>
</Placemark>
<Placemark>
<name>Ruta LEMD - LEBL</name>
<Style>
<LineStyle>
<color>ff0000ff</color>
<width>2</width>
</LineStyle>
</Style>
<LineString>
<altitudeMode>clampToGround</altitudeMode>
<extrude>1</extrude>
<tessellate>1</tessellate>
<coordinates>
-3.560833333333333,40.47222222222222
2.0783333333333336,41.29694444444444
</coordinates>
</LineString>
</Placemark>
<Placemark>
<name>Ruta LYTV - LEBL</name>
<Style>
<LineStyle>
<color>ff00ff00</color>
<width>2</width>
</LineStyle>
</Style>
<LineString>
<altitudeMode>clampToGround</altitudeMode>
<extrude>1</extrude>
<tessellate>1</tessellate>
<coordinates>
18.723333333333333,42.40472222222222
2.0783333333333336,41.29694444444444
</coordinates>
</LineString>
</Placemark>
<Placemark>
<name>Ruta LIMF - LEBL</name>
<Style>
<LineStyle>
<color>ff0000ff</color>
<width>2</width>
</LineStyle>
</Style>
<LineString>
<altitudeMode>clampToGround</altitudeMode>
<extrude>1</extrude>
<tessellate>1</tessellate>
<coordinates>
7.649444444444444,45.2025
2.0783333333333336,41.29694444444444
</coordinates>
</LineString>
</Placemark>
<Placemark>
<name>Ruta LFPO - LEBL</name>
<Style>
<LineStyle>
<color>ff0000ff</color>
<width>2</width>
</LineStyle>
</Style>
<LineString>
<altitudeMode>clampToGround</altitudeMode>
<extrude>1</extrude>
<tessellate>1</tessellate>
<coordinates>
2.3794444444444447,48.723333333333336
2.0783333333333336,41.29694444444444
</coordinates>
</LineString>
</Placemark>
<Placemark>
<name>Ruta LEMG - LEBL</name>
<Style>
<LineStyle>
<color>ff0000ff</color>
<width>2</width>
</LineStyle>
</Style>
<LineString>
<altitudeMode>clampToGround</altitudeMode>
<extrude>1</extrude>
<tessellate>1</tessellate>
<coordinates>
-4.4991666666666665,36.675
2.0783333333333336,41.29694444444444
</coordinates>
</LineString>
</Placemark>
<Placemark>
<name>Ruta LIPH - LEBL</name>
<Style>
<LineStyle>
<color>ff0000ff</color>
<width>2</width>
</LineStyle>
</Style>
<LineString>
<altitudeMode>clampToGround</altitudeMode>
<extrude>1</extrude>
<tessellate>1</tessellate>
<coordinates>
12.197777777777778,45.65083333333333
2.0783333333333336,41.29694444444444
</coordinates>
</LineString>
</Placemark>
<Placemark>
<name>Ruta LFSB - LEBL</name>
<Style>
<LineStyle>
<color>ff0000ff</color>
<width>2</width>
</LineStyle>
</Style>
<LineString>
<altitudeMode>clampToGround</altitudeMode>
<extrude>1</extrude>
<tessellate>1</tessellate>
<coordinates>
7.529166666666667,47.59
2.0783333333333336,41.29694444444444
</coordinates>
</LineString>
</Placemark>
<Placemark>
<name>Ruta LEMH - LEBL</name>
<Style>
<LineStyle>
<color>ff0000ff</color>
<width>2</width>
</LineStyle>
</Style>
<LineString>
<altitudeMode>clampToGround</altitudeMode>
<extrude>1</extrude>
<tessellate>1</tessellate>
<coordinates>
4.2186111111111115,39.862500000000004
2.0783333333333336,41.29694444444444
</coordinates>
</LineString>
</Placemark>
<Placemark>
<name>Ruta ENBR - LEBL</name>
<Style>
<LineStyle>
<color>ff0000ff</color>
<width>2</width>
</LineStyle>
</Style>
<LineString>
<altitudeMode>clampToGround</altitudeMode>
<extrude>1</extrude>
<tessellate>1</tessellate>
<coordinates>
5.218055555555556,60.29361111111111
2.0783333333333336,41.29694444444444
</coordinates>
</LineString>
</Placemark>
<Placemark>
<name>Ruta LEMH - LEBL</name>
<Style>
<LineStyle>
<color>ff0000ff</color>
<width>2</width>
</LineStyle>
</Style>
<LineString>
<altitudeMode>clampToGround</altitudeMode>
<extrude>1</extrude>
<tessellate>1</tessellate>
<coordinates>
4.2186111111111115,39.862500000000004
2.0783333333333336,41.29694444444444
</coordinates>
</LineString>
</Placemark>
<Placemark>
<name>Ruta LSZG - LEBL</name>
<Style>
<LineStyle>
<color>ff0000ff</color>
<width>2</width>
</LineStyle>
</Style>
<LineString>
<altitudeMode>clampToGround</altitudeMode>
<extrude>1</extrude>
<tessellate>1</tessellate>
<coordinates>
7.416388888888889,47.18138888888889
2.0783333333333336,41.29694444444444
</coordinates>
</LineString>
</Placemark>
<Placemark>
<name>Ruta EPWA - LEBL</name>
<Style>
<LineStyle>
<color>ff0000ff</color>
<width>2</width>
</LineStyle>
</Style>
<LineString>
<altitudeMode>clampToGround</altitudeMode>
<extrude>1</extrude>
<tessellate>1</tessellate>
<coordinates>
20.96722222222222,52.16583333333333
2.0783333333333336,41.29694444444444
</coordinates>
</LineString>
</Placemark>
<Placemark>
<name>Ruta EGSS - LEBL</name>
<Style>
<LineStyle>
<color>ff00ff00</color>
<width>2</width>
</LineStyle>
</Style>
<LineString>
<altitudeMode>clampToGround</altitudeMode>
<extrude>1</extrude>
<tessellate>1</tessellate>
<coordinates>
0.23500000000000001,51.885
2.0783333333333336,41.29694444444444
</coordinates>
</LineString>
</Placemark>
<Placemark>
<name>Ruta ESSA - LEBL</name>
<Style>
<LineStyle>
<color>ff0000ff</color>
<width>2</width>
</LineStyle>
</Style>
<LineString>
<altitudeMode>clampToGround</altitudeMode>
<extrude>1</extrude>
<tessellate>1</tessellate>
<coordinates>
17.91861111111111,59.651944444444446
2.0783333333333336,41.29694444444444
</coordinates>
</LineString>
</Placemark>
<Placemark>
<name>Ruta EDDF - LEBL</name>
<Style>
<LineStyle>
<color>ff0000ff</color>
<width>2</width>
</LineStyle>
</Style>
<LineString>
<altitudeMode>clampToGround</altitudeMode>
<extrude>1</extrude>
<tessellate>1</tessellate>
<coordinates>
8.570555555555556,50.03333333333333
2.0783333333333336,41.29694444444444
</coordinates>
</LineString>
</Placemark>
<Placemark>
<name>Ruta LPPT - LEBL</name>
<Style>
<LineStyle>
<color>ff0000ff</color>
<width>2</width>
</LineStyle>
</Style>
<LineString>
<altitudeMode>clampToGround</altitudeMode>
<extrude>1</extrude>
<tessellate>1</tessellate>
<coordinates>
-9.134166666666665,38.774166666666666
2.0783333333333336,41.29694444444444
</coordinates>
</LineString>
</Placemark>
<Placemark>
<name>Ruta LIME - LEBL</name>
<Style>
<LineStyle>
<color>ff0000ff</color>
<width>2</width>
</LineStyle>
</Style>
<LineString>
<altitudeMode>clampToGround</altitudeMode>
<extrude>1</extrude>
<tessellate>1</tessellate>
<coordinates>
9.700277777777776,45.66888888888889
2.0783333333333336,41.29694444444444
</coordinates>
</LineString>
</Placemark>
<Placemark>
<name>Ruta GCXO - LEBL</name>
<Style>
<LineStyle>
<color>ff00ff00</color>
<width>2</width>
</LineStyle>
</Style>
<LineString>
<altitudeMode>clampToGround</altitudeMode>
<extrude>1</extrude>
<tessellate>1</tessellate>
<coordinates>
-16.341666666666665,28.482777777777777
2.0783333333333336,41.29694444444444
</coordinates>
</LineString>
</Placemark>
<Placemark>
<name>Ruta LEIB - LEBL</name>
<Style>
<LineStyle>
<color>ff0000ff</color>
<width>2</width>
</LineStyle>
</Style>
<LineString>
<altitudeMode>clampToGround</altitudeMode>
<extrude>1</extrude>
<tessellate>1</tessellate>
<coordinates>
1.3730555555555557,38.87277777777778
2.0783333333333336,41.29694444444444
</coordinates>
</LineString>
</Placemark>
<Placemark>
<name>Ruta EBBR - LEBL</name>
<Style>
<LineStyle>
<color>ff0000ff</color>
<width>2</width>
</LineStyle>
</Style>
<LineString>
<altitudeMode>clampToGround</altitudeMode>
<extrude>1</extrude>
<tessellate>1</tessellate>
<coordinates>
4.484444444444445,50.90138888888889
2.0783333333333336,41.29694444444444
</coordinates>
</LineString>
</Placemark>
<Placemark>
<name>Ruta SAEZ - LEBL</name>
<Style>
<LineStyle>
<color>ff00ff00</color>
<width>2</width>
</LineStyle>
</Style>
<LineString>
<altitudeMode>clampToGround</altitudeMode>
<extrude>1</extrude>
<tessellate>1</tessellate>
<coordinates>
-58.53583333333333,-34.82222222222222
2.0783333333333336,41.29694444444444
</coordinates>
</LineString>
</Placemark>
<Placemark>
<name>Ruta EHAM - LEBL</name>
<Style>
<LineStyle>
<color>ff0000ff</color>
<width>2</width>
</LineStyle>
</Style>
<LineString>
<altitudeMode>clampToGround</altitudeMode>
<extrude>1</extrude>
<tessellate>1</tessellate>
<coordinates>
4.764166666666667,52.308055555555555
2.0783333333333336,41.29694444444444
</coordinates>
</LineString>
</Placemark>
<Placemark>
<name>Ruta LEST - LEBL</name>
<Style>
<LineStyle>
<color>ff0000ff</color>
<width>2</width>
</LineStyle>
</Style>
<LineString>
<altitudeMode>clampToGround</altitudeMode>
<extrude>1</extrude>
<tessellate>1</tessellate>
<coordinates>
-8.415277777777778,42.896388888888886
2.0783333333333336,41.29694444444444
</coordinates>
</LineString>
</Placemark>
<Placemark>
<name>Ruta LEBZ - LEBL</name>
<Style>
<LineStyle>
<color>ff0000ff</color>
<width>2</width>
</LineStyle>
</Style>
<LineString>
<altitudeMode>clampToGround</altitudeMode>
<extrude>1</extrude>
<tessellate>1</tessellate>
<coordinates>
-6.8213888888888885,38.89138888888889
2.0783333333333336,41.29694444444444
</coordinates>
</LineString>
</Placemark>
<Placemark>
<name>Ruta UUEE - LEBL</name>
<Style>
<LineStyle>
<color>ff00ff00</color>
<width>2</width>
</LineStyle>
</Style>
<LineString>
<altitudeMode>clampToGround</altitudeMode>
<extrude>1</extrude>
<tessellate>1</tessellate>
<coordinates>
37.41305555555555,55.972500000000004
2.0783333333333336,41.29694444444444
</coordinates>
</LineString>
</Placemark>
<Placemark>
<name>Ruta SBGR - LEBL</name>
<Style>
<LineStyle>
<color>ff00ff00</color>
<width>2</width>
</LineStyle>
</Style>
<LineString>
<altitudeMode>clampToGround</altitudeMode>
<extrude>1</extrude>
<tessellate>1</tessellate>
<coordinates>
-46.47,-23.433333333333334
2.0783333333333336,41.29694444444444
</coordinates>
</LineString>
</Placemark>
<Placemark>
<name>Ruta LSGG - LEBL</name>
<Style>
<LineStyle>
<color>ff0000ff</color>
<width>2</width>
</LineStyle>
</Style>
<LineString>
<altitudeMode>clampToGround</altitudeMode>
<extrude>1</extrude>
<tessellate>1</tessellate>
<coordinates>
6.109444444444444,46.23833333333334
2.0783333333333336,41.29694444444444
</coordinates>
</LineString>
</Placemark>
<Placemark>
<name>Ruta LEMD - LEBL</name>
<Style>
<LineStyle>
<color>ff0000ff</color>
<width>2</width>
</LineStyle>
</Style>
<LineString>
<altitudeMode>clampToGround</altitudeMode>
<extrude>1</extrude>
<tessellate>1</tessellate>
<coordinates>
-3.560833333333333,40.47222222222222
2.0783333333333336,41.29694444444444
</coordinates>
</LineString>
</Placemark>
<Placemark>
<name>Ruta LEPA - LEBL</name>
<Style>
<LineStyle>
<color>ff0000ff</color>
<width>2</width>
</LineStyle>
</Style>
<LineString>
<altitudeMode>clampToGround</altitudeMode>
<extrude>1</extrude>
<tessellate>1</tessellate>
<coordinates>
2.738888888888889,39.55166666666666
2.0783333333333336,41.29694444444444
</coordinates>
</LineString>
</Placemark>
<Placemark>
<name>Ruta LFSB - LEBL</name>
<Style>
<LineStyle>
<color>ff0000ff</color>
<width>2</width>
</LineStyle>
</Style>
<LineString>
<altitudeMode>clampToGround</altitudeMode>
<extrude>1</extrude>
<tessellate>1</tessellate>
<coordinates>
7.529166666666667,47.59
2.0783333333333336,41.29694444444444
</coordinates>
</LineString>
</Placemark>
<Placemark>
<name>Ruta GMMN - LEBL</name>
<Style>
<LineStyle>
<color>ff00ff00</color>
<width>2</width>
</LineStyle>
</Style>
<LineString>
<altitudeMode>clampToGround</altitudeMode>
<extrude>1</extrude>
<tessellate>1</tessellate>
<coordinates>
-7.581666666666666,33.36416666666667
2.0783333333333336,41.29694444444444
</coordinates>
</LineString>
</Placemark>
<Placemark>
<name>Ruta LEPA - LEBL</name>
<Style>
<LineStyle>
<color>ff0000ff</color>
<width>2</width>
</LineStyle>
</Style>
<LineString>
<altitudeMode>clampToGround</altitudeMode>
<extrude>1</extrude>
<tessellate>1</tessellate>
<coordinates>
2.738888888888889,39.55166666666666
2.0783333333333336,41.29694444444444
</coordinates>
</LineString>
</Placemark>
<Placemark>
<name>Ruta LEMD - LEBL</name>
<Style>
<LineStyle>
<color>ff0000ff</color>
<width>2</width>
</LineStyle>
</Style>
<LineString>
<altitudeMode>clampToGround</altitudeMode>
<extrude>1</extrude>
<tessellate>1</tessellate>
<coordinates>
-3.560833333333333,40.47222222222222
2.0783333333333336,41.29694444444444
</coordinates>
</LineString>
</Placemark>
<Placemark>
<name>Ruta ELLX - LEBL</name>
<Style>
<LineStyle>
<color>ff00ff00</color>
<width>2</width>
</LineStyle>
</Style>
<LineString>
<altitudeMode>clampToGround</altitudeMode>
<extrude>1</extrude>
<tessellate>1</tessellate>
<coordinates>
6.204444444444444,49.623333333333335
2.0783333333333336,41.29694444444444
</coordinates>
</LineString>
</Placemark>
<Placemark>
<name>Ruta LEBB - LEBL</name>
<Style>
<LineStyle>
<color>ff0000ff</color>
<width>2</width>
</LineStyle>
</Style>
<LineString>
<altitudeMode>clampToGround</altitudeMode>
<extrude>1</extrude>
<tessellate>1</tessellate>
<coordinates>
-2.9105555555555553,43.301111111111105
2.0783333333333336,41.29694444444444
</coordinates>
</LineString>
</Placemark>
<Placemark>
<name>Ruta LEJR - LEBL</name>
<Style>
<LineStyle>
<color>ff0000ff</color>
<width>2</width>
</LineStyle>
</Style>
<LineString>
<altitudeMode>clampToGround</altitudeMode>
<extrude>1</extrude>
<tessellate>1</tessellate>
<coordinates>
-6.06,36.74472222222222
2.0783333333333336,41.29694444444444
</coordinates>
</LineString>
</Placemark>
<Placemark>
<name>Ruta EFHK - LEBL</name>
<Style>
<LineStyle>
<color>ff0000ff</color>
<width>2</width>
</LineStyle>
</Style>
<LineString>
<altitudeMode>clampToGround</altitudeMode>
<extrude>1</extrude>
<tessellate>1</tessellate>
<coordinates>
24.96333333333333,60.31722222222223
2.0783333333333336,41.29694444444444
</coordinates>
</LineString>
</Placemark>
<Placemark>
<name>Ruta EDDN - LEBL</name>
<Style>
<LineStyle>
<color>ff0000ff</color>
<width>2</width>
</LineStyle>
</Style>
<LineString>
<altitudeMode>clampToGround</altitudeMode>
<extrude>1</extrude>
<tessellate>1</tessellate>
<coordinates>
11.078055555555554,49.49861111111111
2.0783333333333336,41.29694444444444
</coordinates>
</LineString>
</Placemark>
<Placemark>
<name>Ruta EHEH - LEBL</name>
<Style>
<LineStyle>
<color>ff0000ff</color>
<width>2</width>
</LineStyle>
</Style>
<LineString>
<altitudeMode>clampToGround</altitudeMode>
<extrude>1</extrude>
<tessellate>1</tessellate>
<coordinates>
5.374444444444444,51.45
2.0783333333333336,41.29694444444444
</coordinates>
</LineString>
</Placemark>
<Placemark>
<name>Ruta EDDS - LEBL</name>
<Style>
<LineStyle>
<color>ff0000ff</color>
<width>2</width>
</LineStyle>
</Style>
<LineString>
<altitudeMode>clampToGround</altitudeMode>
<extrude>1</extrude>
<tessellate>1</tessellate>
<coordinates>
9.221944444444444,48.69
2.0783333333333336,41.29694444444444
</coordinates>
</LineString>
</Placemark>
<Placemark>
<name>Ruta LTBA - LEBL</name>
<Style>
<LineStyle>
<color>ff00ff00</color>
<width>2</width>
</LineStyle>
</Style>
<LineString>
<altitudeMode>clampToGround</altitudeMode>
<extrude>1</extrude>
<tessellate>1</tessellate>
<coordinates>
28.81416666666667,40.976111111111116
2.0783333333333336,41.29694444444444
</coordinates>
</LineString>
</Placemark>
<Placemark>
<name>Ruta LTFJ - LEBL</name>
<Style>
<LineStyle>
<color>ff00ff00</color>
<width>2</width>
</LineStyle>
</Style>
<LineString>
<altitudeMode>clampToGround</altitudeMode>
<extrude>1</extrude>
<tessellate>1</tessellate>
<coordinates>
29.309166666666666,40.89833333333333
2.0783333333333336,41.29694444444444
</coordinates>
</LineString>
</Placemark>
<Placemark>
<name>Ruta EGNT - LEBL</name>
<Style>
<LineStyle>
<color>ff00ff00</color>
<width>2</width>
</LineStyle>
</Style>
<LineString>
<altitudeMode>clampToGround</altitudeMode>
<extrude>1</extrude>
<tessellate>1</tessellate>
<coordinates>
-1.6897222222222223,55.03805555555555
2.0783333333333336,41.29694444444444
</coordinates>
</LineString>
</Placemark>
<Placemark>
<name>Ruta LIRF - LEBL</name>
<Style>
<LineStyle>
<color>ff0000ff</color>
<width>2</width>
</LineStyle>
</Style>
<LineString>
<altitudeMode>clampToGround</altitudeMode>
<extrude>1</extrude>
<tessellate>1</tessellate>
<coordinates>
12.238888888888889,41.80027777777777
2.0783333333333336,41.29694444444444
</coordinates>
</LineString>
</Placemark>
<Placemark>
<name>Ruta UUDD - LEBL</name>
<Style>
<LineStyle>
<color>ff00ff00</color>
<width>2</width>
</LineStyle>
</Style>
<LineString>
<altitudeMode>clampToGround</altitudeMode>
<extrude>1</extrude>
<tessellate>1</tessellate>
<coordinates>
37.906388888888884,55.40861111111111
2.0783333333333336,41.29694444444444
</coordinates>
</LineString>
</Placemark>
<Placemark>
<name>Ruta LEZL - LEBL</name>
<Style>
<LineStyle>
<color>ff0000ff</color>
<width>2</width>
</LineStyle>
</Style>
<LineString>
<altitudeMode>clampToGround</altitudeMode>
<extrude>1</extrude>
<tessellate>1</tessellate>
<coordinates>
-5.898888888888888,37.418055555555554
2.0783333333333336,41.29694444444444
</coordinates>
</LineString>
</Placemark>
<Placemark>
<name>Ruta GCFV - LEBL</name>
<Style>
<LineStyle>
<color>ff00ff00</color>
<width>2</width>
</LineStyle>
</Style>
<LineString>
<altitudeMode>clampToGround</altitudeMode>
<extrude>1</extrude>
<tessellate>1</tessellate>
<coordinates>
-13.863888888888889,28.452777777777776
2.0783333333333336,41.29694444444444
</coordinates>
</LineString>
</Placemark>
<Placemark>
<name>Ruta ENGM - LEBL</name>
<Style>
<LineStyle>
<color>ff0000ff</color>
<width>2</width>
</LineStyle>
</Style>
<LineString>
<altitudeMode>clampToGround</altitudeMode>
<extrude>1</extrude>
<tessellate>1</tessellate>
<coordinates>
11.08388888888889,60.20277777777778
2.0783333333333336,41.29694444444444
</coordinates>
</LineString>
</Placemark>
<Placemark>
<name>Ruta LFPG - LEBL</name>
<Style>
<LineStyle>
<color>ff0000ff</color>
<width>2</width>
</LineStyle>
</Style>
<LineString>
<altitudeMode>clampToGround</altitudeMode>
<extrude>1</extrude>
<tessellate>1</tessellate>
<coordinates>
2.5477777777777777,49.00972222222222
2.0783333333333336,41.29694444444444
</coordinates>
</LineString>
</Placemark>
<Placemark>
<name>Ruta LEGR - LEBL</name>
<Style>
<LineStyle>
<color>ff0000ff</color>
<width>2</width>
</LineStyle>
</Style>
<LineString>
<altitudeMode>clampToGround</altitudeMode>
<extrude>1</extrude>
<tessellate>1</tessellate>
<coordinates>
-3.777222222222222,37.18861111111111
2.0783333333333336,41.29694444444444
</coordinates>
</LineString>
</Placemark>
<Placemark>
<name>Ruta LFPO - LEBL</name>
<Style>
<LineStyle>
<color>ff0000ff</color>
<width>2</width>
</LineStyle>
</Style>
<LineString>
<altitudeMode>clampToGround</altitudeMode>
<extrude>1</extrude>
<tessellate>1</tessellate>
<coordinates>
2.3794444444444447,48.723333333333336
2.0783333333333336,41.29694444444444
</coordinates>
</LineString>
</Placemark>
<Placemark>
<name>Ruta LEMH - LEBL</name>
<Style>
<LineStyle>
<color>ff0000ff</color>
<width>2</width>
</LineStyle>
</Style>
<LineString>
<altitudeMode>clampToGround</altitudeMode>
<extrude>1</extrude>
<tessellate>1</tessellate>
<coordinates>
4.2186111111111115,39.862500000000004
2.0783333333333336,41.29694444444444
</coordinates>
</LineString>
</Placemark>
<Placemark>
<name>Ruta LDDU - LEBL</name>
<Style>
<LineStyle>
<color>ff0000ff</color>
<width>2</width>
</LineStyle>
</Style>
<LineString>
<altitudeMode>clampToGround</altitudeMode>
<extrude>1</extrude>
<tessellate>1</tessellate>
<coordinates>
18.26833333333333,42.561388888888885
2.0783333333333336,41.29694444444444
</coordinates>
</LineString>
</Placemark>
<Placemark>
<name>Ruta LFPG - LEBL</name>
<Style>
<LineStyle>
<color>ff0000ff</color>
<width>2</width>
</LineStyle>
</Style>
<LineString>
<altitudeMode>clampToGround</altitudeMode>
<extrude>1</extrude>
<tessellate>1</tessellate>
<coordinates>
2.5477777777777777,49.00972222222222
2.0783333333333336,41.29694444444444
</coordinates>
</LineString>
</Placemark>
<Placemark>
<name>Ruta EGGP - LEBL</name>
<Style>
<LineStyle>
<color>ff00ff00</color>
<width>2</width>
</LineStyle>
</Style>
<LineString>
<altitudeMode>clampToGround</altitudeMode>
<extrude>1</extrude>
<tessellate>1</tessellate>
<coordinates>
-2.8497222222222223,53.33361111111111
2.0783333333333336,41.29694444444444
</coordinates>
</LineString>
</Placemark>
<Placemark>
<name>Ruta LEAL - LEBL</name>
<Style>
<LineStyle>
<color>ff0000ff</color>
<width>2</width>
</LineStyle>
</Style>
<LineString>
<altitudeMode>clampToGround</altitudeMode>
<extrude>1</extrude>
<tessellate>1</tessellate>
<coordinates>
-0.5580555555555556,38.282222222222224
2.0783333333333336,41.29694444444444
</coordinates>
</LineString>
</Placemark>
<Placemark>
<name>Ruta EDDN - LEBL</name>
<Style>
<LineStyle>
<color>ff0000ff</color>
<width>2</width>
</LineStyle>
</Style>
<LineString>
<altitudeMode>clampToGround</altitudeMode>
<extrude>1</extrude>
<tessellate>1</tessellate>
<coordinates>
11.078055555555554,49.49861111111111
2.0783333333333336,41.29694444444444
</coordinates>
</LineString>
</Placemark>
<Placemark>
<name>Ruta EDDM - LEBL</name>
<Style>
<LineStyle>
<color>ff0000ff</color>
<width>2</width>
</LineStyle>
</Style>
<LineString>
<altitudeMode>clampToGround</altitudeMode>
<extrude>1</extrude>
<tessellate>1</tessellate>
<coordinates>
11.786111111111111,48.35388888888889
2.0783333333333336,41.29694444444444
</coordinates>
</LineString>
</Placemark>
<Placemark>
<name>Ruta LEMD - LEBL</name>
<Style>
<LineStyle>
<color>ff0000ff</color>
<width>2</width>
</LineStyle>
</Style>
<LineString>
<altitudeMode>clampToGround</altitudeMode>
<extrude>1</extrude>
<tessellate>1</tessellate>
<coordinates>
-3.560833333333333,40.47222222222222
2.0783333333333336,41.29694444444444
</coordinates>
</LineString>
</Placemark>
<Placemark>
<name>Ruta LSZH - LEBL</name>
<Style>
<LineStyle>
<color>ff0000ff</color>
<width>2</width>
</LineStyle>
</Style>
<LineString>
<altitudeMode>clampToGround</altitudeMode>
<extrude>1</extrude>
<tessellate>1</tessellate>
<coordinates>
8.548055555555555,47.45805555555556
2.0783333333333336,41.29694444444444
</coordinates>
</LineString>
</Placemark>
<Placemark>
<name>Ruta EBBR - LEBL</name>
<Style>
<LineStyle>
<color>ff0000ff</color>
<width>2</width>
</LineStyle>
</Style>
<LineString>
<altitudeMode>clampToGround</altitudeMode>
<extrude>1</extrude>
<tessellate>1</tessellate>
<coordinates>
4.484444444444445,50.90138888888889
2.0783333333333336,41.29694444444444
</coordinates>
</LineString>
</Placemark>
<Placemark>
<name>Ruta LEIB - LEBL</name>
<Style>
<LineStyle>
<color>ff0000ff</color>
<width>2</width>
</LineStyle>
</Style>
<LineString>
<altitudeMode>clampToGround</altitudeMode>
<extrude>1</extrude>
<tessellate>1</tessellate>
<coordinates>
1.3730555555555557,38.87277777777778
2.0783333333333336,41.29694444444444
</coordinates>
</LineString>
</Placemark>
<Placemark>
<name>Ruta LEBB - LEBL</name>
<Style>
<LineStyle>
<color>ff0000ff</color>
<width>2</width>
</LineStyle>
</Style>
<LineString>
<altitudeMode>clampToGround</altitudeMode>
<extrude>1</extrude>
<tessellate>1</tessellate>
<coordinates>
-2.9105555555555553,43.301111111111105
2.0783333333333336,41.29694444444444
</coordinates>
</LineString>
</Placemark>
<Placemark>
<name>Ruta EGLL - LEBL</name>
<Style>
<LineStyle>
<color>ff00ff00</color>
<width>2</width>
</LineStyle>
</Style>
<LineString>
<altitudeMode>clampToGround</altitudeMode>
<extrude>1</extrude>
<tessellate>1</tessellate>
<coordinates>
-0.4613888888888889,51.4775
2.0783333333333336,41.29694444444444
</coordinates>
</LineString>
</Placemark>
<Placemark>
<name>Ruta EDDH - LEBL</name>
<Style>
<LineStyle>
<color>ff0000ff</color>
<width>2</width>
</LineStyle>
</Style>
<LineString>
<altitudeMode>clampToGround</altitudeMode>
<extrude>1</extrude>
<tessellate>1</tessellate>
<coordinates>
9.988333333333333,53.63027777777778
2.0783333333333336,41.29694444444444
</coordinates>
</LineString>
</Placemark>
<Placemark>
<name>Ruta EGGP - LEBL</name>
<Style>
<LineStyle>
<color>ff00ff00</color>
<width>2</width>
</LineStyle>
</Style>
<LineString>
<altitudeMode>clampToGround</altitudeMode>
<extrude>1</extrude>
<tessellate>1</tessellate>
<coordinates>
-2.8497222222222223,53.33361111111111
2.0783333333333336,41.29694444444444
</coordinates>
</LineString>
</Placemark>
<Placemark>
<name>Ruta EDDV - LEBL</name>
<Style>
<LineStyle>
<color>ff0000ff</color>
<width>2</width>
</LineStyle>
</Style>
<LineString>
<altitudeMode>clampToGround</altitudeMode>
<extrude>1</extrude>
<tessellate>1</tessellate>
<coordinates>
9.68361111111111,52.46027777777778
2.0783333333333336,41.29694444444444
</coordinates>
</LineString>
</Placemark>
<Placemark>
<name>Ruta LEIB - LEBL</name>
<Style>
<LineStyle>
<color>ff0000ff</color>
<width>2</width>
</LineStyle>
</Style>
<LineString>
<altitudeMode>clampToGround</altitudeMode>
<extrude>1</extrude>
<tessellate>1</tessellate>
<coordinates>
1.3730555555555557,38.87277777777778
2.0783333333333336,41.29694444444444
</coordinates>
</LineString>
</Placemark>
<Placemark>
<name>Ruta LEPA - LEBL</name>
<Style>
<LineStyle>
<color>ff0000ff</color>
<width>2</width>
</LineStyle>
</Style>
<LineString>
<altitudeMode>clampToGround</altitudeMode>
<extrude>1</extrude>
<tessellate>1</tessellate>
<coordinates>
2.738888888888889,39.55166666666666
2.0783333333333336,41.29694444444444
</coordinates>
</LineString>
</Placemark>
<Placemark>
<name>Ruta GMMN - LEBL</name>
<Style>
<LineStyle>
<color>ff00ff00</color>
<width>2</width>
</LineStyle>
</Style>
<LineString>
<altitudeMode>clampToGround</altitudeMode>
<extrude>1</extrude>
<tessellate>1</tessellate>
<coordinates>
-7.581666666666666,33.36416666666667
2.0783333333333336,41.29694444444444
</coordinates>
</LineString>
</Placemark>
<Placemark>
<name>Ruta EDDF - LEBL</name>
<Style>
<LineStyle>
<color>ff0000ff</color>
<width>2</width>
</LineStyle>
</Style>
<LineString>
<altitudeMode>clampToGround</altitudeMode>
<extrude>1</extrude>
<tessellate>1</tessellate>
<coordinates>
8.570555555555556,50.03333333333333
2.0783333333333336,41.29694444444444
</coordinates>
</LineString>
</Placemark>
<Placemark>
<name>Ruta LFPG - LEBL</name>
<Style>
<LineStyle>
<color>ff0000ff</color>
<width>2</width>
</LineStyle>
</Style>
<LineString>
<altitudeMode>clampToGround</altitudeMode>
<extrude>1</extrude>
<tessellate>1</tessellate>
<coordinates>
2.5477777777777777,49.00972222222222
2.0783333333333336,41.29694444444444
</coordinates>
</LineString>
</Placemark>
<Placemark>
<name>Ruta EGKK - LEBL</name>
<Style>
<LineStyle>
<color>ff00ff00</color>
<width>2</width>
</LineStyle>
</Style>
<LineString>
<altitudeMode>clampToGround</altitudeMode>
<extrude>1</extrude>
<tessellate>1</tessellate>
<coordinates>
-0.19027777777777777,51.14805555555556
2.0783333333333336,41.29694444444444
</coordinates>
</LineString>
</Placemark>
<Placemark>
<name>Ruta LFBD - LEBL</name>
<Style>
<LineStyle>
<color>ff0000ff</color>
<width>2</width>
</LineStyle>
</Style>
<LineString>
<altitudeMode>clampToGround</altitudeMode>
<extrude>1</extrude>
<tessellate>1</tessellate>
<coordinates>
-0.7152777777777777,44.828611111111115
2.0783333333333336,41.29694444444444
</coordinates>
</LineString>
</Placemark>
<Placemark>
<name>Ruta LPPT - LEBL</name>
<Style>
<LineStyle>
<color>ff0000ff</color>
<width>2</width>
</LineStyle>
</Style>
<LineString>
<altitudeMode>clampToGround</altitudeMode>
<extrude>1</extrude>
<tessellate>1</tessellate>
<coordinates>
-9.134166666666665,38.774166666666666
2.0783333333333336,41.29694444444444
</coordinates>
</LineString>
</Placemark>
<Placemark>
<name>Ruta EGKK - LEBL</name>
<Style>
<LineStyle>
<color>ff00ff00</color>
<width>2</width>
</LineStyle>
</Style>
<LineString>
<altitudeMode>clampToGround</altitudeMode>
<extrude>1</extrude>
<tessellate>1</tessellate>
<coordinates>
-0.19027777777777777,51.14805555555556
2.0783333333333336,41.29694444444444
</coordinates>
</LineString>
</Placemark>
<Placemark>
<name>Ruta LIPZ - LEBL</name>
<Style>
<LineStyle>
<color>ff0000ff</color>
<width>2</width>
</LineStyle>
</Style>
<LineString>
<altitudeMode>clampToGround</altitudeMode>
<extrude>1</extrude>
<tessellate>1</tessellate>
<coordinates>
12.351944444444444,45.50527777777778
2.0783333333333336,41.29694444444444
</coordinates>
</LineString>
</Placemark>
<Placemark>
<name>Ruta LICJ - LEBL</name>
<Style>
<LineStyle>
<color>ff0000ff</color>
<width>2</width>
</LineStyle>
</Style>
<LineString>
<altitudeMode>clampToGround</altitudeMode>
<extrude>1</extrude>
<tessellate>1</tessellate>
<coordinates>
13.099444444444446,38.18194444444444
2.0783333333333336,41.29694444444444
</coordinates>
</LineString>
</Placemark>
<Placemark>
<name>Ruta LIBD - LEBL</name>
<Style>
<LineStyle>
<color>ff0000ff</color>
<width>2</width>
</LineStyle>
</Style>
<LineString>
<altitudeMode>clampToGround</altitudeMode>
<extrude>1</extrude>
<tessellate>1</tessellate>
<coordinates>
16.765,41.13805555555555
2.0783333333333336,41.29694444444444
</coordinates>
</LineString>
</Placemark>
<Placemark>
<name>Ruta LOWW - LEBL</name>
<Style>
<LineStyle>
<color>ff0000ff</color>
<width>2</width>
</LineStyle>
</Style>
<LineString>
<altitudeMode>clampToGround</altitudeMode>
<extrude>1</extrude>
<tessellate>1</tessellate>
<coordinates>
16.56972222222222,48.11027777777778
2.0783333333333336,41.29694444444444
</coordinates>
</LineString>
</Placemark>
<Placemark>
<name>Ruta LEIB - LEBL</name>
<Style>
<LineStyle>
<color>ff0000ff</color>
<width>2</width>
</LineStyle>
</Style>
<LineString>
<altitudeMode>clampToGround</altitudeMode>
<extrude>1</extrude>
<tessellate>1</tessellate>
<coordinates>
1.3730555555555557,38.87277777777778
2.0783333333333336,41.29694444444444
</coordinates>
</LineString>
</Placemark>
<Placemark>
<name>Ruta EDDM - LEBL</name>
<Style>
<LineStyle>
<color>ff0000ff</color>
<width>2</width>
</LineStyle>
</Style>
<LineString>
<altitudeMode>clampToGround</altitudeMode>
<extrude>1</extrude>
<tessellate>1</tessellate>
<coordinates>
11.786111111111111,48.35388888888889
2.0783333333333336,41.29694444444444
</coordinates>
</LineString>
</Placemark>
<Placemark>
<name>Ruta LFPG - LEBL</name>
<Style>
<LineStyle>
<color>ff0000ff</color>
<width>2</width>
</LineStyle>
</Style>
<LineString>
<altitudeMode>clampToGround</altitudeMode>
<extrude>1</extrude>
<tessellate>1</tessellate>
<coordinates>
2.5477777777777777,49.00972222222222
2.0783333333333336,41.29694444444444
</coordinates>
</LineString>
</Placemark>
<Placemark>
<name>Ruta LIRN - LEBL</name>
<Style>
<LineStyle>
<color>ff0000ff</color>
<width>2</width>
</LineStyle>
</Style>
<LineString>
<altitudeMode>clampToGround</altitudeMode>
<extrude>1</extrude>
<tessellate>1</tessellate>
<coordinates>
14.290833333333333,40.88444444444444
2.0783333333333336,41.29694444444444
</coordinates>
</LineString>
</Placemark>
<Placemark>
<name>Ruta LFML - LEBL</name>
<Style>
<LineStyle>
<color>ff0000ff</color>
<width>2</width>
</LineStyle>
</Style>
<LineString>
<altitudeMode>clampToGround</altitudeMode>
<extrude>1</extrude>
<tessellate>1</tessellate>
<coordinates>
5.215,43.43666666666666
2.0783333333333336,41.29694444444444
</coordinates>
</LineString>
</Placemark>
<Placemark>
<name>Ruta GMMX - LEBL</name>
<Style>
<LineStyle>
<color>ff00ff00</color>
<width>2</width>
</LineStyle>
</Style>
<LineString>
<altitudeMode>clampToGround</altitudeMode>
<extrude>1</extrude>
<tessellate>1</tessellate>
<coordinates>
-8.040833333333333,31.608611111111113
2.0783333333333336,41.29694444444444
</coordinates>
</LineString>
</Placemark>
<Placemark>
<name>Ruta LIRF - LEBL</name>
<Style>
<LineStyle>
<color>ff0000ff</color>
<width>2</width>
</LineStyle>
</Style>
<LineString>
<altitudeMode>clampToGround</altitudeMode>
<extrude>1</extrude>
<tessellate>1</tessellate>
<coordinates>
12.238888888888889,41.80027777777777
2.0783333333333336,41.29694444444444
</coordinates>
</LineString>
</Placemark>
<Placemark>
<name>Ruta LSGG - LEBL</name>
<Style>
<LineStyle>
<color>ff0000ff</color>
<width>2</width>
</LineStyle>
</Style>
<LineString>
<altitudeMode>clampToGround</altitudeMode>
<extrude>1</extrude>
<tessellate>1</tessellate>
<coordinates>
6.109444444444444,46.23833333333334
2.0783333333333336,41.29694444444444
</coordinates>
</LineString>
</Placemark>
<Placemark>
<name>Ruta LSGG - LEBL</name>
<Style>
<LineStyle>
<color>ff0000ff</color>
<width>2</width>
</LineStyle>
</Style>
<LineString>
<altitudeMode>clampToGround</altitudeMode>
<extrude>1</extrude>
<tessellate>1</tessellate>
<coordinates>
6.109444444444444,46.23833333333334
2.0783333333333336,41.29694444444444
</coordinates>
</LineString>
</Placemark>
<Placemark>
<name>Ruta LEMD - LEBL</name>
<Style>
<LineStyle>
<color>ff0000ff</color>
<width>2</width>
</LineStyle>
</Style>
<LineString>
<altitudeMode>clampToGround</altitudeMode>
<extrude>1</extrude>
<tessellate>1</tessellate>
<coordinates>
-3.560833333333333,40.47222222222222
2.0783333333333336,41.29694444444444
</coordinates>
</LineString>
</Placemark>
<Placemark>
<name>Ruta LIRF - LEBL</name>
<Style>
<LineStyle>
<color>ff0000ff</color>
<width>2</width>
</LineStyle>
</Style>
<LineString>
<altitudeMode>clampToGround</altitudeMode>
<extrude>1</extrude>
<tessellate>1</tessellate>
<coordinates>
12.238888888888889,41.80027777777777
2.0783333333333336,41.29694444444444
</coordinates>
</LineString>
</Placemark>
<Placemark>
<name>Ruta EHAM - LEBL</name>
<Style>
<LineStyle>
<color>ff0000ff</color>
<width>2</width>
</LineStyle>
</Style>
<LineString>
<altitudeMode>clampToGround</altitudeMode>
<extrude>1</extrude>
<tessellate>1</tessellate>
<coordinates>
4.764166666666667,52.308055555555555
2.0783333333333336,41.29694444444444
</coordinates>
</LineString>
</Placemark>
<Placemark>
<name>Ruta EGFF - LEBL</name>
<Style>
<LineStyle>
<color>ff00ff00</color>
<width>2</width>
</LineStyle>
</Style>
<LineString>
<altitudeMode>clampToGround</altitudeMode>
<extrude>1</extrude>
<tessellate>1</tessellate>
<coordinates>
-3.3433333333333333,51.39666666666667
2.0783333333333336,41.29694444444444
</coordinates>
</LineString>
</Placemark>
<Placemark>
<name>Ruta LEIB - LEBL</name>
<Style>
<LineStyle>
<color>ff0000ff</color>
<width>2</width>
</LineStyle>
</Style>
<LineString>
<altitudeMode>clampToGround</altitudeMode>
<extrude>1</extrude>
<tessellate>1</tessellate>
<coordinates>
1.3730555555555557,38.87277777777778
2.0783333333333336,41.29694444444444
</coordinates>
</LineString>
</Placemark>
<Placemark>
<name>Ruta LEXJ - LEBL</name>
<Style>
<LineStyle>
<color>ff0000ff</color>
<width>2</width>
</LineStyle>
</Style>
<LineString>
<altitudeMode>clampToGround</altitudeMode>
<extrude>1</extrude>
<tessellate>1</tessellate>
<coordinates>
-3.82,43.426944444444445
2.0783333333333336,41.29694444444444
</coordinates>
</LineString>
</Placemark>
<Placemark>
<name>Ruta LEVD - LEBL</name>
<Style>
<LineStyle>
<color>ff0000ff</color>
<width>2</width>
</LineStyle>
</Style>
<LineString>
<altitudeMode>clampToGround</altitudeMode>
<extrude>1</extrude>
<tessellate>1</tessellate>
<coordinates>
-4.851944444444444,41.70611111111111
2.0783333333333336,41.29694444444444
</coordinates>
</LineString>
</Placemark>
<Placemark>
<name>Ruta EDDS - LEBL</name>
<Style>
<LineStyle>
<color>ff0000ff</color>
<width>2</width>
</LineStyle>
</Style>
<LineString>
<altitudeMode>clampToGround</altitudeMode>
<extrude>1</extrude>
<tessellate>1</tessellate>
<coordinates>
9.221944444444444,48.69
2.0783333333333336,41.29694444444444
</coordinates>
</LineString>
</Placemark>
<Placemark>
<name>Ruta LPPT - LEBL</name>
<Style>
<LineStyle>
<color>ff0000ff</color>
<width>2</width>
</LineStyle>
</Style>
<LineString>
<altitudeMode>clampToGround</altitudeMode>
<extrude>1</extrude>
<tessellate>1</tessellate>
<coordinates>
-9.134166666666665,38.774166666666666
2.0783333333333336,41.29694444444444
</coordinates>
</LineString>
</Placemark>
<Placemark>
<name>Ruta LEMH - LEBL</name>
<Style>
<LineStyle>
<color>ff0000ff</color>
<width>2</width>
</LineStyle>
</Style>
<LineString>
<altitudeMode>clampToGround</altitudeMode>
<extrude>1</extrude>
<tessellate>1</tessellate>
<coordinates>
4.2186111111111115,39.862500000000004
2.0783333333333336,41.29694444444444
</coordinates>
</LineString>
</Placemark>
<Placemark>
<name>Ruta EGNM - LEBL</name>
<Style>
<LineStyle>
<color>ff00ff00</color>
<width>2</width>
</LineStyle>
</Style>
<LineString>
<altitudeMode>clampToGround</altitudeMode>
<extrude>1</extrude>
<tessellate>1</tessellate>
<coordinates>
-1.6608333333333332,53.86611111111111
2.0783333333333336,41.29694444444444
</coordinates>
</LineString>
</Placemark>
<Placemark>
<name>Ruta GCXO - LEBL</name>
<Style>
<LineStyle>
<color>ff00ff00</color>
<width>2</width>
</LineStyle>
</Style>
<LineString>
<altitudeMode>clampToGround</altitudeMode>
<extrude>1</extrude>
<tessellate>1</tessellate>
<coordinates>
-16.341666666666665,28.482777777777777
2.0783333333333336,41.29694444444444
</coordinates>
</LineString>
</Placemark>
<Placemark>
<name>Ruta EGSS - LEBL</name>
<Style>
<LineStyle>
<color>ff00ff00</color>
<width>2</width>
</LineStyle>
</Style>
<LineString>
<altitudeMode>clampToGround</altitudeMode>
<extrude>1</extrude>
<tessellate>1</tessellate>
<coordinates>
0.23500000000000001,51.885
2.0783333333333336,41.29694444444444
</coordinates>
</LineString>
</Placemark>
<Placemark>
<name>Ruta ESKN - LEBL</name>
<Style>
<LineStyle>
<color>ff0000ff</color>
<width>2</width>
</LineStyle>
</Style>
<LineString>
<altitudeMode>clampToGround</altitudeMode>
<extrude>1</extrude>
<tessellate>1</tessellate>
<coordinates>
16.90361111111111,58.78861111111111
2.0783333333333336,41.29694444444444
</coordinates>
</LineString>
</Placemark>
<Placemark>
<name>Ruta GCRR - LEBL</name>
<Style>
<LineStyle>
<color>ff00ff00</color>
<width>2</width>
</LineStyle>
</Style>
<LineString>
<altitudeMode>clampToGround</altitudeMode>
<extrude>1</extrude>
<tessellate>1</tessellate>
<coordinates>
-13.605277777777777,28.945555555555554
2.0783333333333336,41.29694444444444
</coordinates>
</LineString>
</Placemark>
<Placemark>
<name>Ruta EDDF - LEBL</name>
<Style>
<LineStyle>
<color>ff0000ff</color>
<width>2</width>
</LineStyle>
</Style>
<LineString>
<altitudeMode>clampToGround</altitudeMode>
<extrude>1</extrude>
<tessellate>1</tessellate>
<coordinates>
8.570555555555556,50.03333333333333
2.0783333333333336,41.29694444444444
</coordinates>
</LineString>
</Placemark>
<Placemark>
<name>Ruta LRCL - LEBL</name>
<Style>
<LineStyle>
<color>ff00ff00</color>
<width>2</width>
</LineStyle>
</Style>
<LineString>
<altitudeMode>clampToGround</altitudeMode>
<extrude>1</extrude>
<tessellate>1</tessellate>
<coordinates>
23.692222222222224,46.78916666666667
2.0783333333333336,41.29694444444444
</coordinates>
</LineString>
</Placemark>
<Placemark>
<name>Ruta EVRA - LEBL</name>
<Style>
<LineStyle>
<color>ff0000ff</color>
<width>2</width>
</LineStyle>
</Style>
<LineString>
<altitudeMode>clampToGround</altitudeMode>
<extrude>1</extrude>
<tessellate>1</tessellate>
<coordinates>
23.97111111111111,56.92361111111111
2.0783333333333336,41.29694444444444
</coordinates>
</LineString>
</Placemark>
<Placemark>
<name>Ruta LEPA - LEBL</name>
<Style>
<LineStyle>
<color>ff0000ff</color>
<width>2</width>
</LineStyle>
</Style>
<LineString>
<altitudeMode>clampToGround</altitudeMode>
<extrude>1</extrude>
<tessellate>1</tessellate>
<coordinates>
2.738888888888889,39.55166666666666
2.0783333333333336,41.29694444444444
</coordinates>
</LineString>
</Placemark>
<Placemark>
<name>Ruta ESSA - LEBL</name>
<Style>
<LineStyle>
<color>ff0000ff</color>
<width>2</width>
</LineStyle>
</Style>
<LineString>
<altitudeMode>clampToGround</altitudeMode>
<extrude>1</extrude>
<tessellate>1</tessellate>
<coordinates>
17.91861111111111,59.651944444444446
2.0783333333333336,41.29694444444444
</coordinates>
</LineString>
</Placemark>
<Placemark>
<name>Ruta EDDL - LEBL</name>
<Style>
<LineStyle>
<color>ff0000ff</color>
<width>2</width>
</LineStyle>
</Style>
<LineString>
<altitudeMode>clampToGround</altitudeMode>
<extrude>1</extrude>
<tessellate>1</tessellate>
<coordinates>
6.7572222222222225,51.280833333333334
2.0783333333333336,41.29694444444444
</coordinates>
</LineString>
</Placemark>
<Placemark>
<name>Ruta EDDB - LEBL</name>
<Style>
<LineStyle>
<color>ff0000ff</color>
<width>2</width>
</LineStyle>
</Style>
<LineString>
<altitudeMode>clampToGround</altitudeMode>
<extrude>1</extrude>
<tessellate>1</tessellate>
<coordinates>
13.500555555555556,52.36222222222222
2.0783333333333336,41.29694444444444
</coordinates>
</LineString>
</Placemark>
<Placemark>
<name>Ruta EDDT - LEBL</name>
<Style>
<LineStyle>
<color>ff0000ff</color>
<width>2</width>
</LineStyle>
</Style>
<LineString>
<altitudeMode>clampToGround</altitudeMode>
<extrude>1</extrude>
<tessellate>1</tessellate>
<coordinates>
13.287777777777778,52.55972222222222
2.0783333333333336,41.29694444444444
</coordinates>
</LineString>
</Placemark>
<Placemark>
<name>Ruta EDDK - LEBL</name>
<Style>
<LineStyle>
<color>ff0000ff</color>
<width>2</width>
</LineStyle>
</Style>
<LineString>
<altitudeMode>clampToGround</altitudeMode>
<extrude>1</extrude>
<tessellate>1</tessellate>
<coordinates>
7.142777777777778,50.865833333333335
2.0783333333333336,41.29694444444444
</coordinates>
</LineString>
</Placemark>
<Placemark>
<name>Ruta EGNM - LEBL</name>
<Style>
<LineStyle>
<color>ff00ff00</color>
<width>2</width>
</LineStyle>
</Style>
<LineString>
<altitudeMode>clampToGround</altitudeMode>
<extrude>1</extrude>
<tessellate>1</tessellate>
<coordinates>
-1.6608333333333332,53.86611111111111
2.0783333333333336,41.29694444444444
</coordinates>
</LineString>
</Placemark>
<Placemark>
<name>Ruta ENGM - LEBL</name>
<Style>
<LineStyle>
<color>ff0000ff</color>
<width>2</width>
</LineStyle>
</Style>
<LineString>
<altitudeMode>clampToGround</altitudeMode>
<extrude>1</extrude>
<tessellate>1</tessellate>
<coordinates>
11.08388888888889,60.20277777777778
2.0783333333333336,41.29694444444444
</coordinates>
</LineString>
</Placemark>
<Placemark>
<name>Ruta LFPO - LEBL</name>
<Style>
<LineStyle>
<color>ff0000ff</color>
<width>2</width>
</LineStyle>
</Style>
<LineString>
<altitudeMode>clampToGround</altitudeMode>
<extrude>1</extrude>
<tessellate>1</tessellate>
<coordinates>
2.3794444444444447,48.723333333333336
2.0783333333333336,41.29694444444444
</coordinates>
</LineString>
</Placemark>
<Placemark>
<name>Ruta EDDL - LEBL</name>
<Style>
<LineStyle>
<color>ff0000ff</color>
<width>2</width>
</LineStyle>
</Style>
<LineString>
<altitudeMode>clampToGround</altitudeMode>
<extrude>1</extrude>
<tessellate>1</tessellate>
<coordinates>
6.7572222222222225,51.280833333333334
2.0783333333333336,41.29694444444444
</coordinates>
</LineString>
</Placemark>
<Placemark>
<name>Ruta GCLP - LEBL</name>
<Style>
<LineStyle>
<color>ff00ff00</color>
<width>2</width>
</LineStyle>
</Style>
<LineString>
<altitudeMode>clampToGround</altitudeMode>
<extrude>1</extrude>
<tessellate>1</tessellate>
<coordinates>
-15.386666666666667,27.931944444444447
2.0783333333333336,41.29694444444444
</coordinates>
</LineString>
</Placemark>
<Placemark>
<name>Ruta GCXO - LEBL</name>
<Style>
<LineStyle>
<color>ff00ff00</color>
<width>2</width>
</LineStyle>
</Style>
<LineString>
<altitudeMode>clampToGround</altitudeMode>
<extrude>1</extrude>
<tessellate>1</tessellate>
<coordinates>
-16.341666666666665,28.482777777777777
2.0783333333333336,41.29694444444444
</coordinates>
</LineString>
</Placemark>
<Placemark>
<name>Ruta LSZH - LEBL</name>
<Style>
<LineStyle>
<color>ff0000ff</color>
<width>2</width>
</LineStyle>
</Style>
<LineString>
<altitudeMode>clampToGround</altitudeMode>
<extrude>1</extrude>
<tessellate>1</tessellate>
<coordinates>
8.548055555555555,47.45805555555556
2.0783333333333336,41.29694444444444
</coordinates>
</LineString>
</Placemark>
<Placemark>
<name>Ruta LIMC - LEBL</name>
<Style>
<LineStyle>
<color>ff0000ff</color>
<width>2</width>
</LineStyle>
</Style>
<LineString>
<altitudeMode>clampToGround</altitudeMode>
<extrude>1</extrude>
<tessellate>1</tessellate>
<coordinates>
8.723055555555556,45.63
2.0783333333333336,41.29694444444444
</coordinates>
</LineString>
</Placemark>
<Placemark>
<name>Ruta LFPG - LEBL</name>
<Style>
<LineStyle>
<color>ff0000ff</color>
<width>2</width>
</LineStyle>
</Style>
<LineString>
<altitudeMode>clampToGround</altitudeMode>
<extrude>1</extrude>
<tessellate>1</tessellate>
<coordinates>
2.5477777777777777,49.00972222222222
2.0783333333333336,41.29694444444444
</coordinates>
</LineString>
</Placemark>
<Placemark>
<name>Ruta EGLL - LEBL</name>
<Style>
<LineStyle>
<color>ff00ff00</color>
<width>2</width>
</LineStyle>
</Style>
<LineString>
<altitudeMode>clampToGround</altitudeMode>
<extrude>1</extrude>
<tessellate>1</tessellate>
<coordinates>
-0.4613888888888889,51.4775
2.0783333333333336,41.29694444444444
</coordinates>
</LineString>
</Placemark>
<Placemark>
<name>Ruta LSZH - LEBL</name>
<Style>
<LineStyle>
<color>ff0000ff</color>
<width>2</width>
</LineStyle>
</Style>
<LineString>
<altitudeMode>clampToGround</altitudeMode>
<extrude>1</extrude>
<tessellate>1</tessellate>
<coordinates>
8.548055555555555,47.45805555555556
2.0783333333333336,41.29694444444444
</coordinates>
</LineString>
</Placemark>
<Placemark>
<name>Ruta LEPA - LEBL</name>
<Style>
<LineStyle>
<color>ff0000ff</color>
<width>2</width>
</LineStyle>
</Style>
<LineString>
<altitudeMode>clampToGround</altitudeMode>
<extrude>1</extrude>
<tessellate>1</tessellate>
<coordinates>
2.738888888888889,39.55166666666666
2.0783333333333336,41.29694444444444
</coordinates>
</LineString>
</Placemark>
<Placemark>
<name>Ruta LEMH - LEBL</name>
<Style>
<LineStyle>
<color>ff0000ff</color>
<width>2</width>
</LineStyle>
</Style>
<LineString>
<altitudeMode>clampToGround</altitudeMode>
<extrude>1</extrude>
<tessellate>1</tessellate>
<coordinates>
4.2186111111111115,39.862500000000004
2.0783333333333336,41.29694444444444
</coordinates>
</LineString>
</Placemark>
<Placemark>
<name>Ruta LIPZ - LEBL</name>
<Style>
<LineStyle>
<color>ff0000ff</color>
<width>2</width>
</LineStyle>
</Style>
<LineString>
<altitudeMode>clampToGround</altitudeMode>
<extrude>1</extrude>
<tessellate>1</tessellate>
<coordinates>
12.351944444444444,45.50527777777778
2.0783333333333336,41.29694444444444
</coordinates>
</LineString>
</Placemark>
<Placemark>
<name>Ruta LESO - LEBL</name>
<Style>
<LineStyle>
<color>ff0000ff</color>
<width>2</width>
</LineStyle>
</Style>
<LineString>
<altitudeMode>clampToGround</altitudeMode>
<extrude>1</extrude>
<tessellate>1</tessellate>
<coordinates>
-1.7905555555555555,43.35638888888889
2.0783333333333336,41.29694444444444
</coordinates>
</LineString>
</Placemark>
<Placemark>
<name>Ruta EHRD - LEBL</name>
<Style>
<LineStyle>
<color>ff0000ff</color>
<width>2</width>
</LineStyle>
</Style>
<LineString>
<altitudeMode>clampToGround</altitudeMode>
<extrude>1</extrude>
<tessellate>1</tessellate>
<coordinates>
4.437222222222222,51.956944444444446
2.0783333333333336,41.29694444444444
</coordinates>
</LineString>
</Placemark>
<Placemark>
<name>Ruta LEMD - LEBL</name>
<Style>
<LineStyle>
<color>ff0000ff</color>
<width>2</width>
</LineStyle>
</Style>
<LineString>
<altitudeMode>clampToGround</altitudeMode>
<extrude>1</extrude>
<tessellate>1</tessellate>
<coordinates>
-3.560833333333333,40.47222222222222
2.0783333333333336,41.29694444444444
</coordinates>
</LineString>
</Placemark>
<Placemark>
<name>Ruta LEIB - LEBL</name>
<Style>
<LineStyle>
<color>ff0000ff</color>
<width>2</width>
</LineStyle>
</Style>
<LineString>
<altitudeMode>clampToGround</altitudeMode>
<extrude>1</extrude>
<tessellate>1</tessellate>
<coordinates>
1.3730555555555557,38.87277777777778
2.0783333333333336,41.29694444444444
</coordinates>
</LineString>
</Placemark>
<Placemark>
<name>Ruta LOWW - LEBL</name>
<Style>
<LineStyle>
<color>ff0000ff</color>
<width>2</width>
</LineStyle>
</Style>
<LineString>
<altitudeMode>clampToGround</altitudeMode>
<extrude>1</extrude>
<tessellate>1</tessellate>
<coordinates>
16.56972222222222,48.11027777777778
2.0783333333333336,41.29694444444444
</coordinates>
</LineString>
</Placemark>
<Placemark>
<name>Ruta LEIB - LEBL</name>
<Style>
<LineStyle>
<color>ff0000ff</color>
<width>2</width>
</LineStyle>
</Style>
<LineString>
<altitudeMode>clampToGround</altitudeMode>
<extrude>1</extrude>
<tessellate>1</tessellate>
<coordinates>
1.3730555555555557,38.87277777777778
2.0783333333333336,41.29694444444444
</coordinates>
</LineString>
</Placemark>
<Placemark>
<name>Ruta EBBR - LEBL</name>
<Style>
<LineStyle>
<color>ff0000ff</color>
<width>2</width>
</LineStyle>
</Style>
<LineString>
<altitudeMode>clampToGround</altitudeMode>
<extrude>1</extrude>
<tessellate>1</tessellate>
<coordinates>
4.484444444444445,50.90138888888889
2.0783333333333336,41.29694444444444
</coordinates>
</LineString>
</Placemark>
<Placemark>
<name>Ruta EGKK - LEBL</name>
<Style>
<LineStyle>
<color>ff00ff00</color>
<width>2</width>
</LineStyle>
</Style>
<LineString>
<altitudeMode>clampToGround</altitudeMode>
<extrude>1</extrude>
<tessellate>1</tessellate>
<coordinates>
-0.19027777777777777,51.14805555555556
2.0783333333333336,41.29694444444444
</coordinates>
</LineString>
</Placemark>
<Placemark>
<name>Ruta LIRF - LEBL</name>
<Style>
<LineStyle>
<color>ff0000ff</color>
<width>2</width>
</LineStyle>
</Style>
<LineString>
<altitudeMode>clampToGround</altitudeMode>
<extrude>1</extrude>
<tessellate>1</tessellate>
<coordinates>
12.238888888888889,41.80027777777777
2.0783333333333336,41.29694444444444
</coordinates>
</LineString>
</Placemark>
<Placemark>
<name>Ruta OTHH - LEBL</name>
<Style>
<LineStyle>
<color>ff00ff00</color>
<width>2</width>
</LineStyle>
</Style>
<LineString>
<altitudeMode>clampToGround</altitudeMode>
<extrude>1</extrude>
<tessellate>1</tessellate>
<coordinates>
51.608333333333334,25.274444444444445
2.0783333333333336,41.29694444444444
</coordinates>
</LineString>
</Placemark>
<Placemark>
<name>Ruta DAAG - LEBL</name>
<Style>
<LineStyle>
<color>ff00ff00</color>
<width>2</width>
</LineStyle>
</Style>
<LineString>
<altitudeMode>clampToGround</altitudeMode>
<extrude>1</extrude>
<tessellate>1</tessellate>
<coordinates>
3.2144444444444447,36.693888888888885
2.0783333333333336,41.29694444444444
</coordinates>
</LineString>
</Placemark>
<Placemark>
<name>Ruta LEVX - LEBL</name>
<Style>
<LineStyle>
<color>ff0000ff</color>
<width>2</width>
</LineStyle>
</Style>
<LineString>
<altitudeMode>clampToGround</altitudeMode>
<extrude>1</extrude>
<tessellate>1</tessellate>
<coordinates>
-8.627500000000001,42.22916666666667
2.0783333333333336,41.29694444444444
</coordinates>
</LineString>
</Placemark>
<Placemark>
<name>Ruta LSGG - LEBL</name>
<Style>
<LineStyle>
<color>ff0000ff</color>
<width>2</width>
</LineStyle>
</Style>
<LineString>
<altitudeMode>clampToGround</altitudeMode>
<extrude>1</extrude>
<tessellate>1</tessellate>
<coordinates>
6.109444444444444,46.23833333333334
2.0783333333333336,41.29694444444444
</coordinates>
</LineString>
</Placemark>
<Placemark>
<name>Ruta EPKT - LEBL</name>
<Style>
<LineStyle>
<color>ff0000ff</color>
<width>2</width>
</LineStyle>
</Style>
<LineString>
<altitudeMode>clampToGround</altitudeMode>
<extrude>1</extrude>
<tessellate>1</tessellate>
<coordinates>
19.08,50.47416666666667
2.0783333333333336,41.29694444444444
</coordinates>
</LineString>
</Placemark>
<Placemark>
<name>Ruta EGMC - LEBL</name>
<Style>
<LineStyle>
<color>ff00ff00</color>
<width>2</width>
</LineStyle>
</Style>
<LineString>
<altitudeMode>clampToGround</altitudeMode>
<extrude>1</extrude>
<tessellate>1</tessellate>
<coordinates>
0.6933333333333334,51.57027777777778
2.0783333333333336,41.29694444444444
</coordinates>
</LineString>
</Placemark>
<Placemark>
<name>Ruta EFHK - LEBL</name>
<Style>
<LineStyle>
<color>ff0000ff</color>
<width>2</width>
</LineStyle>
</Style>
<LineString>
<altitudeMode>clampToGround</altitudeMode>
<extrude>1</extrude>
<tessellate>1</tessellate>
<coordinates>
24.96333333333333,60.31722222222223
2.0783333333333336,41.29694444444444
</coordinates>
</LineString>
</Placemark>
<Placemark>
<name>Ruta EGLL - LEBL</name>
<Style>
<LineStyle>
<color>ff00ff00</color>
<width>2</width>
</LineStyle>
</Style>
<LineString>
<altitudeMode>clampToGround</altitudeMode>
<extrude>1</extrude>
<tessellate>1</tessellate>
<coordinates>
-0.4613888888888889,51.4775
2.0783333333333336,41.29694444444444
</coordinates>
</LineString>
</Placemark>
<Placemark>
<name>Ruta LFSB - LEBL</name>
<Style>
<LineStyle>
<color>ff0000ff</color>
<width>2</width>
</LineStyle>
</Style>
<LineString>
<altitudeMode>clampToGround</altitudeMode>
<extrude>1</extrude>
<tessellate>1</tessellate>
<coordinates>
7.529166666666667,47.59
2.0783333333333336,41.29694444444444
</coordinates>
</LineString>
</Placemark>
<Placemark>
<name>Ruta LEIB - LEBL</name>
<Style>
<LineStyle>
<color>ff0000ff</color>
<width>2</width>
</LineStyle>
</Style>
<LineString>
<altitudeMode>clampToGround</altitudeMode>
<extrude>1</extrude>
<tessellate>1</tessellate>
<coordinates>
1.3730555555555557,38.87277777777778
2.0783333333333336,41.29694444444444
</coordinates>
</LineString>
</Placemark>
<Placemark>
<name>Ruta OMDB - LEBL</name>
<Style>
<LineStyle>
<color>ff00ff00</color>
<width>2</width>
</LineStyle>
</Style>
<LineString>
<altitudeMode>clampToGround</altitudeMode>
<extrude>1</extrude>
<tessellate>1</tessellate>
<coordinates>
55.36,25.249166666666667
2.0783333333333336,41.29694444444444
</coordinates>
</LineString>
</Placemark>
<Placemark>
<name>Ruta LOWW - LEBL</name>
<Style>
<LineStyle>
<color>ff0000ff</color>
<width>2</width>
</LineStyle>
</Style>
<LineString>
<altitudeMode>clampToGround</altitudeMode>
<extrude>1</extrude>
<tessellate>1</tessellate>
<coordinates>
16.56972222222222,48.11027777777778
2.0783333333333336,41.29694444444444
</coordinates>
</LineString>
</Placemark>
<Placemark>
<name>Ruta EBBR - LEBL</name>
<Style>
<LineStyle>
<color>ff0000ff</color>
<width>2</width>
</LineStyle>
</Style>
<LineString>
<altitudeMode>clampToGround</altitudeMode>
<extrude>1</extrude>
<tessellate>1</tessellate>
<coordinates>
4.484444444444445,50.90138888888889
2.0783333333333336,41.29694444444444
</coordinates>
</LineString>
</Placemark>
<Placemark>
<name>Ruta LFLL - LEBL</name>
<Style>
<LineStyle>
<color>ff0000ff</color>
<width>2</width>
</LineStyle>
</Style>
<LineString>
<altitudeMode>clampToGround</altitudeMode>
<extrude>1</extrude>
<tessellate>1</tessellate>
<coordinates>
5.0811111111111105,45.72555555555556
2.0783333333333336,41.29694444444444
</coordinates>
</LineString>
</Placemark>
<Placemark>
<name>Ruta EIDW - LEBL</name>
<Style>
<LineStyle>
<color>ff00ff00</color>
<width>2</width>
</LineStyle>
</Style>
<LineString>
<altitudeMode>clampToGround</altitudeMode>
<extrude>1</extrude>
<tessellate>1</tessellate>
<coordinates>
-6.27,53.421388888888885
2.0783333333333336,41.29694444444444
</coordinates>
</LineString>
</Placemark>
<Placemark>
<name>Ruta LSGG - LEBL</name>
<Style>
<LineStyle>
<color>ff0000ff</color>
<width>2</width>
</LineStyle>
</Style>
<LineString>
<altitudeMode>clampToGround</altitudeMode>
<extrude>1</extrude>
<tessellate>1</tessellate>
<coordinates>
6.109444444444444,46.23833333333334
2.0783333333333336,41.29694444444444
</coordinates>
</LineString>
</Placemark>
<Placemark>
<name>Ruta EGNT - LEBL</name>
<Style>
<LineStyle>
<color>ff00ff00</color>
<width>2</width>
</LineStyle>
</Style>
<LineString>
<altitudeMode>clampToGround</altitudeMode>
<extrude>1</extrude>
<tessellate>1</tessellate>
<coordinates>
-1.6897222222222223,55.03805555555555
2.0783333333333336,41.29694444444444
</coordinates>
</LineString>
</Placemark>
<Placemark>
<name>Ruta ESSA - LEBL</name>
<Style>
<LineStyle>
<color>ff0000ff</color>
<width>2</width>
</LineStyle>
</Style>
<LineString>
<altitudeMode>clampToGround</altitudeMode>
<extrude>1</extrude>
<tessellate>1</tessellate>
<coordinates>
17.91861111111111,59.651944444444446
2.0783333333333336,41.29694444444444
</coordinates>
</LineString>
</Placemark>
<Placemark>
<name>Ruta LEZL - LEBL</name>
<Style>
<LineStyle>
<color>ff0000ff</color>
<width>2</width>
</LineStyle>
</Style>
<LineString>
<altitudeMode>clampToGround</altitudeMode>
<extrude>1</extrude>
<tessellate>1</tessellate>
<coordinates>
-5.898888888888888,37.418055555555554
2.0783333333333336,41.29694444444444
</coordinates>
</LineString>
</Placemark>
<Placemark>
<name>Ruta LFPO - LEBL</name>
<Style>
<LineStyle>
<color>ff0000ff</color>
<width>2</width>
</LineStyle>
</Style>
<LineString>
<altitudeMode>clampToGround</altitudeMode>
<extrude>1</extrude>
<tessellate>1</tessellate>
<coordinates>
2.3794444444444447,48.723333333333336
2.0783333333333336,41.29694444444444
</coordinates>
</LineString>
</Placemark>
<Placemark>
<name>Ruta GCRR - LEBL</name>
<Style>
<LineStyle>
<color>ff00ff00</color>
<width>2</width>
</LineStyle>
</Style>
<LineString>
<altitudeMode>clampToGround</altitudeMode>
<extrude>1</extrude>
<tessellate>1</tessellate>
<coordinates>
-13.605277777777777,28.945555555555554
2.0783333333333336,41.29694444444444
</coordinates>
</LineString>
</Placemark>
<Placemark>
<name>Ruta LEPA - LEBL</name>
<Style>
<LineStyle>
<color>ff0000ff</color>
<width>2</width>
</LineStyle>
</Style>
<LineString>
<altitudeMode>clampToGround</altitudeMode>
<extrude>1</extrude>
<tessellate>1</tessellate>
<coordinates>
2.738888888888889,39.55166666666666
2.0783333333333336,41.29694444444444
</coordinates>
</LineString>
</Placemark>
<Placemark>
<name>Ruta LEMG - LEBL</name>
<Style>
<LineStyle>
<color>ff0000ff</color>
<width>2</width>
</LineStyle>
</Style>
<LineString>
<altitudeMode>clampToGround</altitudeMode>
<extrude>1</extrude>
<tessellate>1</tessellate>
<coordinates>
-4.4991666666666665,36.675
2.0783333333333336,41.29694444444444
</coordinates>
</LineString>
</Placemark>
<Placemark>
<name>Ruta LWSK - LEBL</name>
<Style>
<LineStyle>
<color>ff00ff00</color>
<width>2</width>
</LineStyle>
</Style>
<LineString>
<altitudeMode>clampToGround</altitudeMode>
<extrude>1</extrude>
<tessellate>1</tessellate>
<coordinates>
21.62138888888889,41.961666666666666
2.0783333333333336,41.29694444444444
</coordinates>
</LineString>
</Placemark>
<Placemark>
<name>Ruta EGPK - LEBL</name>
<Style>
<LineStyle>
<color>ff00ff00</color>
<width>2</width>
</LineStyle>
</Style>
<LineString>
<altitudeMode>clampToGround</altitudeMode>
<extrude>1</extrude>
<tessellate>1</tessellate>
<coordinates>
-4.594444444444444,55.50944444444445
2.0783333333333336,41.29694444444444
</coordinates>
</LineString>
</Placemark>
<Placemark>
<name>Ruta LEMD - LEBL</name>
<Style>
<LineStyle>
<color>ff0000ff</color>
<width>2</width>
</LineStyle>
</Style>
<LineString>
<altitudeMode>clampToGround</altitudeMode>
<extrude>1</extrude>
<tessellate>1</tessellate>
<coordinates>
-3.560833333333333,40.47222222222222
2.0783333333333336,41.29694444444444
</coordinates>
</LineString>
</Placemark>
<Placemark>
<name>Ruta LEMH - LEBL</name>
<Style>
<LineStyle>
<color>ff0000ff</color>
<width>2</width>
</LineStyle>
</Style>
<LineString>
<altitudeMode>clampToGround</altitudeMode>
<extrude>1</extrude>
<tessellate>1</tessellate>
<coordinates>
4.2186111111111115,39.862500000000004
2.0783333333333336,41.29694444444444
</coordinates>
</LineString>
</Placemark>
<Placemark>
<name>Ruta EHAM - LEBL</name>
<Style>
<LineStyle>
<color>ff0000ff</color>
<width>2</width>
</LineStyle>
</Style>
<LineString>
<altitudeMode>clampToGround</altitudeMode>
<extrude>1</extrude>
<tessellate>1</tessellate>
<coordinates>
4.764166666666667,52.308055555555555
2.0783333333333336,41.29694444444444
</coordinates>
</LineString>
</Placemark>
<Placemark>
<name>Ruta LEVD - LEBL</name>
<Style>
<LineStyle>
<color>ff0000ff</color>
<width>2</width>
</LineStyle>
</Style>
<LineString>
<altitudeMode>clampToGround</altitudeMode>
<extrude>1</extrude>
<tessellate>1</tessellate>
<coordinates>
-4.851944444444444,41.70611111111111
2.0783333333333336,41.29694444444444
</coordinates>
</LineString>
</Placemark>
<Placemark>
<name>Ruta EGGP - LEBL</name>
<Style>
<LineStyle>
<color>ff00ff00</color>
<width>2</width>
</LineStyle>
</Style>
<LineString>
<altitudeMode>clampToGround</altitudeMode>
<extrude>1</extrude>
<tessellate>1</tessellate>
<coordinates>
-2.8497222222222223,53.33361111111111
2.0783333333333336,41.29694444444444
</coordinates>
</LineString>
</Placemark>
<Placemark>
<name>Ruta GCLP - LEBL</name>
<Style>
<LineStyle>
<color>ff00ff00</color>
<width>2</width>
</LineStyle>
</Style>
<LineString>
<altitudeMode>clampToGround</altitudeMode>
<extrude>1</extrude>
<tessellate>1</tessellate>
<coordinates>
-15.386666666666667,27.931944444444447
2.0783333333333336,41.29694444444444
</coordinates>
</LineString>
</Placemark>
<Placemark>
<name>Ruta LEMD - LEBL</name>
<Style>
<LineStyle>
<color>ff0000ff</color>
<width>2</width>
</LineStyle>
</Style>
<LineString>
<altitudeMode>clampToGround</altitudeMode>
<extrude>1</extrude>
<tessellate>1</tessellate>
<coordinates>
-3.560833333333333,40.47222222222222
2.0783333333333336,41.29694444444444
</coordinates>
</LineString>
</Placemark>
<Placemark>
<name>Ruta LPPT - LEBL</name>
<Style>
<LineStyle>
<color>ff0000ff</color>
<width>2</width>
</LineStyle>
</Style>
<LineString>
<altitudeMode>clampToGround</altitudeMode>
<extrude>1</extrude>
<tessellate>1</tessellate>
<coordinates>
-9.134166666666665,38.774166666666666
2.0783333333333336,41.29694444444444
</coordinates>
</LineString>
</Placemark>
<Placemark>
<name>Ruta LBSF - LEBL</name>
<Style>
<LineStyle>
<color>ff00ff00</color>
<width>2</width>
</LineStyle>
</Style>
<LineString>
<altitudeMode>clampToGround</altitudeMode>
<extrude>1</extrude>
<tessellate>1</tessellate>
<coordinates>
23.40833333333333,42.69499999999999
2.0783333333333336,41.29694444444444
</coordinates>
</LineString>
</Placemark>
<Placemark>
<name>Ruta EKCH - LEBL</name>
<Style>
<LineStyle>
<color>ff0000ff</color>
<width>2</width>
</LineStyle>
</Style>
<LineString>
<altitudeMode>clampToGround</altitudeMode>
<extrude>1</extrude>
<tessellate>1</tessellate>
<coordinates>
12.65611111111111,55.61805555555556
2.0783333333333336,41.29694444444444
</coordinates>
</LineString>
</Placemark>
<Placemark>
<name>Ruta HTDA - LEBL</name>
<Style>
<LineStyle>
<color>ff00ff00</color>
<width>2</width>
</LineStyle>
</Style>
<LineString>
<altitudeMode>clampToGround</altitudeMode>
<extrude>1</extrude>
<tessellate>1</tessellate>
<coordinates>
39.20333333333333,-6.875555555555556
2.0783333333333336,41.29694444444444
</coordinates>
</LineString>
</Placemark>
<Placemark>
<name>Ruta EDDM - LEBL</name>
<Style>
<LineStyle>
<color>ff0000ff</color>
<width>2</width>
</LineStyle>
</Style>
<LineString>
<altitudeMode>clampToGround</altitudeMode>
<extrude>1</extrude>
<tessellate>1</tessellate>
<coordinates>
11.786111111111111,48.35388888888889
2.0783333333333336,41.29694444444444
</coordinates>
</LineString>
</Placemark>
<Placemark>
<name>Ruta LIMC - LEBL</name>
<Style>
<LineStyle>
<color>ff0000ff</color>
<width>2</width>
</LineStyle>
</Style>
<LineString>
<altitudeMode>clampToGround</altitudeMode>
<extrude>1</extrude>
<tessellate>1</tessellate>
<coordinates>
8.723055555555556,45.63
2.0783333333333336,41.29694444444444
</coordinates>
</LineString>
</Placemark>
<Placemark>
<name>Ruta EFHK - LEBL</name>
<Style>
<LineStyle>
<color>ff0000ff</color>
<width>2</width>
</LineStyle>
</Style>
<LineString>
<altitudeMode>clampToGround</altitudeMode>
<extrude>1</extrude>
<tessellate>1</tessellate>
<coordinates>
24.96333333333333,60.31722222222223
2.0783333333333336,41.29694444444444
</coordinates>
</LineString>
</Placemark>
<Placemark>
<name>Ruta EGCC - LEBL</name>
<Style>
<LineStyle>
<color>ff00ff00</color>
<width>2</width>
</LineStyle>
</Style>
<LineString>
<altitudeMode>clampToGround</altitudeMode>
<extrude>1</extrude>
<tessellate>1</tessellate>
<coordinates>
-2.275,53.35388888888889
2.0783333333333336,41.29694444444444
</coordinates>
</LineString>
</Placemark>
<Placemark>
<name>Ruta LELN - LEBL</name>
<Style>
<LineStyle>
<color>ff0000ff</color>
<width>2</width>
</LineStyle>
</Style>
<LineString>
<altitudeMode>clampToGround</altitudeMode>
<extrude>1</extrude>
<tessellate>1</tessellate>
<coordinates>
-5.6561111111111115,42.58861111111111
2.0783333333333336,41.29694444444444
</coordinates>
</LineString>
</Placemark>
<Placemark>
<name>Ruta LEAS - LEBL</name>
<Style>
<LineStyle>
<color>ff0000ff</color>
<width>2</width>
</LineStyle>
</Style>
<LineString>
<altitudeMode>clampToGround</altitudeMode>
<extrude>1</extrude>
<tessellate>1</tessellate>
<coordinates>
-6.034722222222222,43.56361111111111
2.0783333333333336,41.29694444444444
</coordinates>
</LineString>
</Placemark>
<Placemark>
<name>Ruta LFPO - LEBL</name>
<Style>
<LineStyle>
<color>ff0000ff</color>
<width>2</width>
</LineStyle>
</Style>
<LineString>
<altitudeMode>clampToGround</altitudeMode>
<extrude>1</extrude>
<tessellate>1</tessellate>
<coordinates>
2.3794444444444447,48.723333333333336
2.0783333333333336,41.29694444444444
</coordinates>
</LineString>
</Placemark>
<Placemark>
<name>Ruta LIPE - LEBL</name>
<Style>
<LineStyle>
<color>ff0000ff</color>
<width>2</width>
</LineStyle>
</Style>
<LineString>
<altitudeMode>clampToGround</altitudeMode>
<extrude>1</extrude>
<tessellate>1</tessellate>
<coordinates>
11.296944444444444,44.530833333333334
2.0783333333333336,41.29694444444444
</coordinates>
</LineString>
</Placemark>
<Placemark>
<name>Ruta EGKK - LEBL</name>
<Style>
<LineStyle>
<color>ff00ff00</color>
<width>2</width>
</LineStyle>
</Style>
<LineString>
<altitudeMode>clampToGround</altitudeMode>
<extrude>1</extrude>
<tessellate>1</tessellate>
<coordinates>
-0.19027777777777777,51.14805555555556
2.0783333333333336,41.29694444444444
</coordinates>
</LineString>
</Placemark>
<Placemark>
<name>Ruta ENGM - LEBL</name>
<Style>
<LineStyle>
<color>ff0000ff</color>
<width>2</width>
</LineStyle>
</Style>
<LineString>
<altitudeMode>clampToGround</altitudeMode>
<extrude>1</extrude>
<tessellate>1</tessellate>
<coordinates>
11.08388888888889,60.20277777777778
2.0783333333333336,41.29694444444444
</coordinates>
</LineString>
</Placemark>
<Placemark>
<name>Ruta EGGD - LEBL</name>
<Style>
<LineStyle>
<color>ff00ff00</color>
<width>2</width>
</LineStyle>
</Style>
<LineString>
<altitudeMode>clampToGround</altitudeMode>
<extrude>1</extrude>
<tessellate>1</tessellate>
<coordinates>
-2.7191666666666667,51.382777777777775
2.0783333333333336,41.29694444444444
</coordinates>
</LineString>
</Placemark>
<Placemark>
<name>Ruta LEZL - LEBL</name>
<Style>
<LineStyle>
<color>ff0000ff</color>
<width>2</width>
</LineStyle>
</Style>
<LineString>
<altitudeMode>clampToGround</altitudeMode>
<extrude>1</extrude>
<tessellate>1</tessellate>
<coordinates>
-5.898888888888888,37.418055555555554
2.0783333333333336,41.29694444444444
</coordinates>
</LineString>
</Placemark>
<Placemark>
<name>Ruta LEJR - LEBL</name>
<Style>
<LineStyle>
<color>ff0000ff</color>
<width>2</width>
</LineStyle>
</Style>
<LineString>
<altitudeMode>clampToGround</altitudeMode>
<extrude>1</extrude>
<tessellate>1</tessellate>
<coordinates>
-6.06,36.74472222222222
2.0783333333333336,41.29694444444444
</coordinates>
</LineString>
</Placemark>
<Placemark>
<name>Ruta LEPA - LEBL</name>
<Style>
<LineStyle>
<color>ff0000ff</color>
<width>2</width>
</LineStyle>
</Style>
<LineString>
<altitudeMode>clampToGround</altitudeMode>
<extrude>1</extrude>
<tessellate>1</tessellate>
<coordinates>
2.738888888888889,39.55166666666666
2.0783333333333336,41.29694444444444
</coordinates>
</LineString>
</Placemark>
<Placemark>
<name>Ruta LEMD - LEBL</name>
<Style>
<LineStyle>
<color>ff0000ff</color>
<width>2</width>
</LineStyle>
</Style>
<LineString>
<altitudeMode>clampToGround</altitudeMode>
<extrude>1</extrude>
<tessellate>1</tessellate>
<coordinates>
-3.560833333333333,40.47222222222222
2.0783333333333336,41.29694444444444
</coordinates>
</LineString>
</Placemark>
<Placemark>
<name>Ruta LFPG - LEBL</name>
<Style>
<LineStyle>
<color>ff0000ff</color>
<width>2</width>
</LineStyle>
</Style>
<LineString>
<altitudeMode>clampToGround</altitudeMode>
<extrude>1</extrude>
<tessellate>1</tessellate>
<coordinates>
2.5477777777777777,49.00972222222222
2.0783333333333336,41.29694444444444
</coordinates>
</LineString>
</Placemark>
<Placemark>
<name>Ruta LEVC - LEBL</name>
<Style>
<LineStyle>
<color>ff0000ff</color>
<width>2</width>
</LineStyle>
</Style>
<LineString>
<altitudeMode>clampToGround</altitudeMode>
<extrude>1</extrude>
<tessellate>1</tessellate>
<coordinates>
-0.4816666666666667,39.489444444444445
2.0783333333333336,41.29694444444444
</coordinates>
</LineString>
</Placemark>
<Placemark>
<name>Ruta LPPR - LEBL</name>
<Style>
<LineStyle>
<color>ff0000ff</color>
<width>2</width>
</LineStyle>
</Style>
<LineString>
<altitudeMode>clampToGround</altitudeMode>
<extrude>1</extrude>
<tessellate>1</tessellate>
<coordinates>
-8.678055555555554,41.23555555555556
2.0783333333333336,41.29694444444444
</coordinates>
</LineString>
</Placemark>
<Placemark>
<name>Ruta BIKF - LEBL</name>
<Style>
<LineStyle>
<color>ff0000ff</color>
<width>2</width>
</LineStyle>
</Style>
<LineString>
<altitudeMode>clampToGround</altitudeMode>
<extrude>1</extrude>
<tessellate>1</tessellate>
<coordinates>
-22.605555555555558,63.985
2.0783333333333336,41.29694444444444
</coordinates>
</LineString>
</Placemark>
<Placemark>
<name>Ruta LEPA - LEBL</name>
<Style>
<LineStyle>
<color>ff0000ff</color>
<width>2</width>
</LineStyle>
</Style>
<LineString>
<altitudeMode>clampToGround</altitudeMode>
<extrude>1</extrude>
<tessellate>1</tessellate>
<coordinates>
2.738888888888889,39.55166666666666
2.0783333333333336,41.29694444444444
</coordinates>
</LineString>
</Placemark>
<Placemark>
<name>Ruta LEMD - LEBL</name>
<Style>
<LineStyle>
<color>ff0000ff</color>
<width>2</width>
</LineStyle>
</Style>
<LineString>
<altitudeMode>clampToGround</altitudeMode>
<extrude>1</extrude>
<tessellate>1</tessellate>
<coordinates>
-3.560833333333333,40.47222222222222
2.0783333333333336,41.29694444444444
</coordinates>
</LineString>
</Placemark>
<Placemark>
<name>Ruta EGLL - LEBL</name>
<Style>
<LineStyle>
<color>ff00ff00</color>
<width>2</width>
</LineStyle>
</Style>
<LineString>
<altitudeMode>clampToGround</altitudeMode>
<extrude>1</extrude>
<tessellate>1</tessellate>
<coordinates>
-0.4613888888888889,51.4775
2.0783333333333336,41.29694444444444
</coordinates>
</LineString>
</Placemark>
<Placemark>
<name>Ruta EIDW - LEBL</name>
<Style>
<LineStyle>
<color>ff00ff00</color>
<width>2</width>
</LineStyle>
</Style>
<LineString>
<altitudeMode>clampToGround</altitudeMode>
<extrude>1</extrude>
<tessellate>1</tessellate>
<coordinates>
-6.27,53.421388888888885
2.0783333333333336,41.29694444444444
</coordinates>
</LineString>
</Placemark>
<Placemark>
<name>Ruta LIRF - LEBL</name>
<Style>
<LineStyle>
<color>ff0000ff</color>
<width>2</width>
</LineStyle>
</Style>
<LineString>
<altitudeMode>clampToGround</altitudeMode>
<extrude>1</extrude>
<tessellate>1</tessellate>
<coordinates>
12.238888888888889,41.80027777777777
2.0783333333333336,41.29694444444444
</coordinates>
</LineString>
</Placemark>
<Placemark>
<name>Ruta EDDF - LEBL</name>
<Style>
<LineStyle>
<color>ff0000ff</color>
<width>2</width>
</LineStyle>
</Style>
<LineString>
<altitudeMode>clampToGround</altitudeMode>
<extrude>1</extrude>
<tessellate>1</tessellate>
<coordinates>
8.570555555555556,50.03333333333333
2.0783333333333336,41.29694444444444
</coordinates>
</LineString>
</Placemark>
<Placemark>
<name>Ruta GMTT - LEBL</name>
<Style>
<LineStyle>
<color>ff00ff00</color>
<width>2</width>
</LineStyle>
</Style>
<LineString>
<altitudeMode>clampToGround</altitudeMode>
<extrude>1</extrude>
<tessellate>1</tessellate>
<coordinates>
-5.921111111111111,35.73166666666667
2.0783333333333336,41.29694444444444
</coordinates>
</LineString>
</Placemark>
<Placemark>
<name>Ruta LPPR - LEBL</name>
<Style>
<LineStyle>
<color>ff0000ff</color>
<width>2</width>
</LineStyle>
</Style>
<LineString>
<altitudeMode>clampToGround</altitudeMode>
<extrude>1</extrude>
<tessellate>1</tessellate>
<coordinates>
-8.678055555555554,41.23555555555556
2.0783333333333336,41.29694444444444
</coordinates>
</LineString>
</Placemark>
<Placemark>
<name>Ruta LEBB - LEBL</name>
<Style>
<LineStyle>
<color>ff0000ff</color>
<width>2</width>
</LineStyle>
</Style>
<LineString>
<altitudeMode>clampToGround</altitudeMode>
<extrude>1</extrude>
<tessellate>1</tessellate>
<coordinates>
-2.9105555555555553,43.301111111111105
2.0783333333333336,41.29694444444444
</coordinates>
</LineString>
</Placemark>
<Placemark>
<name>Ruta LUKK - LEBL</name>
<Style>
<LineStyle>
<color>ff0000ff</color>
<width>2</width>
</LineStyle>
</Style>
<LineString>
<altitudeMode>clampToGround</altitudeMode>
<extrude>1</extrude>
<tessellate>1</tessellate>
<coordinates>
28.930833333333336,46.92777777777778
2.0783333333333336,41.29694444444444
</coordinates>
</LineString>
</Placemark>
<Placemark>
<name>Ruta LEMH - LEBL</name>
<Style>
<LineStyle>
<color>ff0000ff</color>
<width>2</width>
</LineStyle>
</Style>
<LineString>
<altitudeMode>clampToGround</altitudeMode>
<extrude>1</extrude>
<tessellate>1</tessellate>
<coordinates>
4.2186111111111115,39.862500000000004
2.0783333333333336,41.29694444444444
</coordinates>
</LineString>
</Placemark>
<Placemark>
<name>Ruta EKBI - LEBL</name>
<Style>
<LineStyle>
<color>ff0000ff</color>
<width>2</width>
</LineStyle>
</Style>
<LineString>
<altitudeMode>clampToGround</altitudeMode>
<extrude>1</extrude>
<tessellate>1</tessellate>
<coordinates>
9.151666666666667,55.74027777777778
2.0783333333333336,41.29694444444444
</coordinates>
</LineString>
</Placemark>
<Placemark>
<name>Ruta LEMD - LEBL</name>
<Style>
<LineStyle>
<color>ff0000ff</color>
<width>2</width>
</LineStyle>
</Style>
<LineString>
<altitudeMode>clampToGround</altitudeMode>
<extrude>1</extrude>
<tessellate>1</tessellate>
<coordinates>
-3.560833333333333,40.47222222222222
2.0783333333333336,41.29694444444444
</coordinates>
</LineString>
</Placemark>
<Placemark>
<name>Ruta LFLL - LEBL</name>
<Style>
<LineStyle>
<color>ff0000ff</color>
<width>2</width>
</LineStyle>
</Style>
<LineString>
<altitudeMode>clampToGround</altitudeMode>
<extrude>1</extrude>
<tessellate>1</tessellate>
<coordinates>
5.0811111111111105,45.72555555555556
2.0783333333333336,41.29694444444444
</coordinates>
</LineString>
</Placemark>
<Placemark>
<name>Ruta LSZH - LEBL</name>
<Style>
<LineStyle>
<color>ff0000ff</color>
<width>2</width>
</LineStyle>
</Style>
<LineString>
<altitudeMode>clampToGround</altitudeMode>
<extrude>1</extrude>
<tessellate>1</tessellate>
<coordinates>
8.548055555555555,47.45805555555556
2.0783333333333336,41.29694444444444
</coordinates>
</LineString>
</Placemark>
<Placemark>
<name>Ruta LEAL - LEBL</name>
<Style>
<LineStyle>
<color>ff0000ff</color>
<width>2</width>
</LineStyle>
</Style>
<LineString>
<altitudeMode>clampToGround</altitudeMode>
<extrude>1</extrude>
<tessellate>1</tessellate>
<coordinates>
-0.5580555555555556,38.282222222222224
2.0783333333333336,41.29694444444444
</coordinates>
</LineString>
</Placemark>
<Placemark>
<name>Ruta LEIB - LEBL</name>
<Style>
<LineStyle>
<color>ff0000ff</color>
<width>2</width>
</LineStyle>
</Style>
<LineString>
<altitudeMode>clampToGround</altitudeMode>
<extrude>1</extrude>
<tessellate>1</tessellate>
<coordinates>
1.3730555555555557,38.87277777777778
2.0783333333333336,41.29694444444444
</coordinates>
</LineString>
</Placemark>
<Placemark>
<name>Ruta LEST - LEBL</name>
<Style>
<LineStyle>
<color>ff0000ff</color>
<width>2</width>
</LineStyle>
</Style>
<LineString>
<altitudeMode>clampToGround</altitudeMode>
<extrude>1</extrude>
<tessellate>1</tessellate>
<coordinates>
-8.415277777777778,42.896388888888886
2.0783333333333336,41.29694444444444
</coordinates>
</LineString>
</Placemark>
<Placemark>
<name>Ruta EGKK - LEBL</name>
<Style>
<LineStyle>
<color>ff00ff00</color>
<width>2</width>
</LineStyle>
</Style>
<LineString>
<altitudeMode>clampToGround</altitudeMode>
<extrude>1</extrude>
<tessellate>1</tessellate>
<coordinates>
-0.19027777777777777,51.14805555555556
2.0783333333333336,41.29694444444444
</coordinates>
</LineString>
</Placemark>
<Placemark>
<name>Ruta LROP - LEBL</name>
<Style>
<LineStyle>
<color>ff00ff00</color>
<width>2</width>
</LineStyle>
</Style>
<LineString>
<altitudeMode>clampToGround</altitudeMode>
<extrude>1</extrude>
<tessellate>1</tessellate>
<coordinates>
26.084999999999997,44.571111111111115
2.0783333333333336,41.29694444444444
</coordinates>
</LineString>
</Placemark>
<Placemark>
<name>Ruta LTBA - LEBL</name>
<Style>
<LineStyle>
<color>ff00ff00</color>
<width>2</width>
</LineStyle>
</Style>
<LineString>
<altitudeMode>clampToGround</altitudeMode>
<extrude>1</extrude>
<tessellate>1</tessellate>
<coordinates>
28.81416666666667,40.976111111111116
2.0783333333333336,41.29694444444444
</coordinates>
</LineString>
</Placemark>
<Placemark>
<name>Ruta LIEE - LEBL</name>
<Style>
<LineStyle>
<color>ff0000ff</color>
<width>2</width>
</LineStyle>
</Style>
<LineString>
<altitudeMode>clampToGround</altitudeMode>
<extrude>1</extrude>
<tessellate>1</tessellate>
<coordinates>
9.056111111111111,39.24722222222222
2.0783333333333336,41.29694444444444
</coordinates>
</LineString>
</Placemark>
<Placemark>
<name>Ruta EDDM - LEBL</name>
<Style>
<LineStyle>
<color>ff0000ff</color>
<width>2</width>
</LineStyle>
</Style>
<LineString>
<altitudeMode>clampToGround</altitudeMode>
<extrude>1</extrude>
<tessellate>1</tessellate>
<coordinates>
11.786111111111111,48.35388888888889
2.0783333333333336,41.29694444444444
</coordinates>
</LineString>
</Placemark>
<Placemark>
<name>Ruta LIRF - LEBL</name>
<Style>
<LineStyle>
<color>ff0000ff</color>
<width>2</width>
</LineStyle>
</Style>
<LineString>
<altitudeMode>clampToGround</altitudeMode>
<extrude>1</extrude>
<tessellate>1</tessellate>
<coordinates>
12.238888888888889,41.80027777777777
2.0783333333333336,41.29694444444444
</coordinates>
</LineString>
</Placemark>
<Placemark>
<name>Ruta EIDW - LEBL</name>
<Style>
<LineStyle>
<color>ff00ff00</color>
<width>2</width>
</LineStyle>
</Style>
<LineString>
<altitudeMode>clampToGround</altitudeMode>
<extrude>1</extrude>
<tessellate>1</tessellate>
<coordinates>
-6.27,53.421388888888885
2.0783333333333336,41.29694444444444
</coordinates>
</LineString>
</Placemark>
<Placemark>
<name>Ruta LIRQ - LEBL</name>
<Style>
<LineStyle>
<color>ff0000ff</color>
<width>2</width>
</LineStyle>
</Style>
<LineString>
<altitudeMode>clampToGround</altitudeMode>
<extrude>1</extrude>
<tessellate>1</tessellate>
<coordinates>
11.202777777777778,43.808611111111105
2.0783333333333336,41.29694444444444
</coordinates>
</LineString>
</Placemark>
<Placemark>
<name>Ruta EHAM - LEBL</name>
<Style>
<LineStyle>
<color>ff0000ff</color>
<width>2</width>
</LineStyle>
</Style>
<LineString>
<altitudeMode>clampToGround</altitudeMode>
<extrude>1</extrude>
<tessellate>1</tessellate>
<coordinates>
4.764166666666667,52.308055555555555
2.0783333333333336,41.29694444444444
</coordinates>
</LineString>
</Placemark>
<Placemark>
<name>Ruta LHBP - LEBL</name>
<Style>
<LineStyle>
<color>ff0000ff</color>
<width>2</width>
</LineStyle>
</Style>
<LineString>
<altitudeMode>clampToGround</altitudeMode>
<extrude>1</extrude>
<tessellate>1</tessellate>
<coordinates>
19.261944444444445,47.43944444444444
2.0783333333333336,41.29694444444444
</coordinates>
</LineString>
</Placemark>
<Placemark>
<name>Ruta EGLL - LEBL</name>
<Style>
<LineStyle>
<color>ff00ff00</color>
<width>2</width>
</LineStyle>
</Style>
<LineString>
<altitudeMode>clampToGround</altitudeMode>
<extrude>1</extrude>
<tessellate>1</tessellate>
<coordinates>
-0.4613888888888889,51.4775
2.0783333333333336,41.29694444444444
</coordinates>
</LineString>
</Placemark>
<Placemark>
<name>Ruta LSZH - LEBL</name>
<Style>
<LineStyle>
<color>ff0000ff</color>
<width>2</width>
</LineStyle>
</Style>
<LineString>
<altitudeMode>clampToGround</altitudeMode>
<extrude>1</extrude>
<tessellate>1</tessellate>
<coordinates>
8.548055555555555,47.45805555555556
2.0783333333333336,41.29694444444444
</coordinates>
</LineString>
</Placemark>
<Placemark>
<name>Ruta EGKK - LEBL</name>
<Style>
<LineStyle>
<color>ff00ff00</color>
<width>2</width>
</LineStyle>
</Style>
<LineString>
<altitudeMode>clampToGround</altitudeMode>
<extrude>1</extrude>
<tessellate>1</tessellate>
<coordinates>
-0.19027777777777777,51.14805555555556
2.0783333333333336,41.29694444444444
</coordinates>
</LineString>
</Placemark>
<Placemark>
<name>Ruta LFPO - LEBL</name>
<Style>
<LineStyle>
<color>ff0000ff</color>
<width>2</width>
</LineStyle>
</Style>
<LineString>
<altitudeMode>clampToGround</altitudeMode>
<extrude>1</extrude>
<tessellate>1</tessellate>
<coordinates>
2.3794444444444447,48.723333333333336
2.0783333333333336,41.29694444444444
</coordinates>
</LineString>
</Placemark>
<Placemark>
<name>Ruta LEMD - LEBL</name>
<Style>
<LineStyle>
<color>ff0000ff</color>
<width>2</width>
</LineStyle>
</Style>
<LineString>
<altitudeMode>clampToGround</altitudeMode>
<extrude>1</extrude>
<tessellate>1</tessellate>
<coordinates>
-3.560833333333333,40.47222222222222
2.0783333333333336,41.29694444444444
</coordinates>
</LineString>
</Placemark>
<Placemark>
<name>Ruta LEMH - LEBL</name>
<Style>
<LineStyle>
<color>ff0000ff</color>
<width>2</width>
</LineStyle>
</Style>
<LineString>
<altitudeMode>clampToGround</altitudeMode>
<extrude>1</extrude>
<tessellate>1</tessellate>
<coordinates>
4.2186111111111115,39.862500000000004
2.0783333333333336,41.29694444444444
</coordinates>
</LineString>
</Placemark>
<Placemark>
<name>Ruta LDDU - LEBL</name>
<Style>
<LineStyle>
<color>ff0000ff</color>
<width>2</width>
</LineStyle>
</Style>
<LineString>
<altitudeMode>clampToGround</altitudeMode>
<extrude>1</extrude>
<tessellate>1</tessellate>
<coordinates>
18.26833333333333,42.561388888888885
2.0783333333333336,41.29694444444444
</coordinates>
</LineString>
</Placemark>
<Placemark>
<name>Ruta LEMG - LEBL</name>
<Style>
<LineStyle>
<color>ff0000ff</color>
<width>2</width>
</LineStyle>
</Style>
<LineString>
<altitudeMode>clampToGround</altitudeMode>
<extrude>1</extrude>
<tessellate>1</tessellate>
<coordinates>
-4.4991666666666665,36.675
2.0783333333333336,41.29694444444444
</coordinates>
</LineString>
</Placemark>
<Placemark>
<name>Ruta LFPG - LEBL</name>
<Style>
<LineStyle>
<color>ff0000ff</color>
<width>2</width>
</LineStyle>
</Style>
<LineString>
<altitudeMode>clampToGround</altitudeMode>
<extrude>1</extrude>
<tessellate>1</tessellate>
<coordinates>
2.5477777777777777,49.00972222222222
2.0783333333333336,41.29694444444444
</coordinates>
</LineString>
</Placemark>
<Placemark>
<name>Ruta LEPA - LEBL</name>
<Style>
<LineStyle>
<color>ff0000ff</color>
<width>2</width>
</LineStyle>
</Style>
<LineString>
<altitudeMode>clampToGround</altitudeMode>
<extrude>1</extrude>
<tessellate>1</tessellate>
<coordinates>
2.738888888888889,39.55166666666666
2.0783333333333336,41.29694444444444
</coordinates>
</LineString>
</Placemark>
<Placemark>
<name>Ruta EDDF - LEBL</name>
<Style>
<LineStyle>
<color>ff0000ff</color>
<width>2</width>
</LineStyle>
</Style>
<LineString>
<altitudeMode>clampToGround</altitudeMode>
<extrude>1</extrude>
<tessellate>1</tessellate>
<coordinates>
8.570555555555556,50.03333333333333
2.0783333333333336,41.29694444444444
</coordinates>
</LineString>
</Placemark>
<Placemark>
<name>Ruta LIRF - LEBL</name>
<Style>
<LineStyle>
<color>ff0000ff</color>
<width>2</width>
</LineStyle>
</Style>
<LineString>
<altitudeMode>clampToGround</altitudeMode>
<extrude>1</extrude>
<tessellate>1</tessellate>
<coordinates>
12.238888888888889,41.80027777777777
2.0783333333333336,41.29694444444444
</coordinates>
</LineString>
</Placemark>
<Placemark>
<name>Ruta ENGM - LEBL</name>
<Style>
<LineStyle>
<color>ff0000ff</color>
<width>2</width>
</LineStyle>
</Style>
<LineString>
<altitudeMode>clampToGround</altitudeMode>
<extrude>1</extrude>
<tessellate>1</tessellate>
<coordinates>
11.08388888888889,60.20277777777778
2.0783333333333336,41.29694444444444
</coordinates>
</LineString>
</Placemark>
<Placemark>
<name>Ruta LFOB - LEBL</name>
<Style>
<LineStyle>
<color>ff0000ff</color>
<width>2</width>
</LineStyle>
</Style>
<LineString>
<altitudeMode>clampToGround</altitudeMode>
<extrude>1</extrude>
<tessellate>1</tessellate>
<coordinates>
2.112777777777778,49.45444444444445
2.0783333333333336,41.29694444444444
</coordinates>
</LineString>
</Placemark>
<Placemark>
<name>Ruta EDDL - LEBL</name>
<Style>
<LineStyle>
<color>ff0000ff</color>
<width>2</width>
</LineStyle>
</Style>
<LineString>
<altitudeMode>clampToGround</altitudeMode>
<extrude>1</extrude>
<tessellate>1</tessellate>
<coordinates>
6.7572222222222225,51.280833333333334
2.0783333333333336,41.29694444444444
</coordinates>
</LineString>
</Placemark>
<Placemark>
<name>Ruta UUEE - LEBL</name>
<Style>
<LineStyle>
<color>ff00ff00</color>
<width>2</width>
</LineStyle>
</Style>
<LineString>
<altitudeMode>clampToGround</altitudeMode>
<extrude>1</extrude>
<tessellate>1</tessellate>
<coordinates>
37.41305555555555,55.972500000000004
2.0783333333333336,41.29694444444444
</coordinates>
</LineString>
</Placemark>
<Placemark>
<name>Ruta EKCH - LEBL</name>
<Style>
<LineStyle>
<color>ff0000ff</color>
<width>2</width>
</LineStyle>
</Style>
<LineString>
<altitudeMode>clampToGround</altitudeMode>
<extrude>1</extrude>
<tessellate>1</tessellate>
<coordinates>
12.65611111111111,55.61805555555556
2.0783333333333336,41.29694444444444
</coordinates>
</LineString>
</Placemark>
<Placemark>
<name>Ruta LKPR - LEBL</name>
<Style>
<LineStyle>
<color>ff0000ff</color>
<width>2</width>
</LineStyle>
</Style>
<LineString>
<altitudeMode>clampToGround</altitudeMode>
<extrude>1</extrude>
<tessellate>1</tessellate>
<coordinates>
14.26,50.100833333333334
2.0783333333333336,41.29694444444444
</coordinates>
</LineString>
</Placemark>
<Placemark>
<name>Ruta EIDW - LEBL</name>
<Style>
<LineStyle>
<color>ff00ff00</color>
<width>2</width>
</LineStyle>
</Style>
<LineString>
<altitudeMode>clampToGround</altitudeMode>
<extrude>1</extrude>
<tessellate>1</tessellate>
<coordinates>
-6.27,53.421388888888885
2.0783333333333336,41.29694444444444
</coordinates>
</LineString>
</Placemark>
<Placemark>
<name>Ruta LIEO - LEBL</name>
<Style>
<LineStyle>
<color>ff0000ff</color>
<width>2</width>
</LineStyle>
</Style>
<LineString>
<altitudeMode>clampToGround</altitudeMode>
<extrude>1</extrude>
<tessellate>1</tessellate>
<coordinates>
9.517777777777779,40.89861111111111
2.0783333333333336,41.29694444444444
</coordinates>
</LineString>
</Placemark>
<Placemark>
<name>Ruta LEIB - LEBL</name>
<Style>
<LineStyle>
<color>ff0000ff</color>
<width>2</width>
</LineStyle>
</Style>
<LineString>
<altitudeMode>clampToGround</altitudeMode>
<extrude>1</extrude>
<tessellate>1</tessellate>
<coordinates>
1.3730555555555557,38.87277777777778
2.0783333333333336,41.29694444444444
</coordinates>
</LineString>
</Placemark>
<Placemark>
<name>Ruta LEMH - LEBL</name>
<Style>
<LineStyle>
<color>ff0000ff</color>
<width>2</width>
</LineStyle>
</Style>
<LineString>
<altitudeMode>clampToGround</altitudeMode>
<extrude>1</extrude>
<tessellate>1</tessellate>
<coordinates>
4.2186111111111115,39.862500000000004
2.0783333333333336,41.29694444444444
</coordinates>
</LineString>
</Placemark>
<Placemark>
<name>Ruta EGGW - LEBL</name>
<Style>
<LineStyle>
<color>ff00ff00</color>
<width>2</width>
</LineStyle>
</Style>
<LineString>
<altitudeMode>clampToGround</altitudeMode>
<extrude>1</extrude>
<tessellate>1</tessellate>
<coordinates>
-0.3683333333333333,51.874722222222225
2.0783333333333336,41.29694444444444
</coordinates>
</LineString>
</Placemark>
<Placemark>
<name>Ruta LEGR - LEBL</name>
<Style>
<LineStyle>
<color>ff0000ff</color>
<width>2</width>
</LineStyle>
</Style>
<LineString>
<altitudeMode>clampToGround</altitudeMode>
<extrude>1</extrude>
<tessellate>1</tessellate>
<coordinates>
-3.777222222222222,37.18861111111111
2.0783333333333336,41.29694444444444
</coordinates>
</LineString>
</Placemark>
<Placemark>
<name>Ruta LIME - LEBL</name>
<Style>
<LineStyle>
<color>ff0000ff</color>
<width>2</width>
</LineStyle>
</Style>
<LineString>
<altitudeMode>clampToGround</altitudeMode>
<extrude>1</extrude>
<tessellate>1</tessellate>
<coordinates>
9.700277777777776,45.66888888888889
2.0783333333333336,41.29694444444444
</coordinates>
</LineString>
</Placemark>
<Placemark>
<name>Ruta LIPE - LEBL</name>
<Style>
<LineStyle>
<color>ff0000ff</color>
<width>2</width>
</LineStyle>
</Style>
<LineString>
<altitudeMode>clampToGround</altitudeMode>
<extrude>1</extrude>
<tessellate>1</tessellate>
<coordinates>
11.296944444444444,44.530833333333334
2.0783333333333336,41.29694444444444
</coordinates>
</LineString>
</Placemark>
<Placemark>
<name>Ruta LEPA - LEBL</name>
<Style>
<LineStyle>
<color>ff0000ff</color>
<width>2</width>
</LineStyle>
</Style>
<LineString>
<altitudeMode>clampToGround</altitudeMode>
<extrude>1</extrude>
<tessellate>1</tessellate>
<coordinates>
2.738888888888889,39.55166666666666
2.0783333333333336,41.29694444444444
</coordinates>
</LineString>
</Placemark>
<Placemark>
<name>Ruta LEIB - LEBL</name>
<Style>
<LineStyle>
<color>ff0000ff</color>
<width>2</width>
</LineStyle>
</Style>
<LineString>
<altitudeMode>clampToGround</altitudeMode>
<extrude>1</extrude>
<tessellate>1</tessellate>
<coordinates>
1.3730555555555557,38.87277777777778
2.0783333333333336,41.29694444444444
</coordinates>
</LineString>
</Placemark>
<Placemark>
<name>Ruta LPPT - LEBL</name>
<Style>
<LineStyle>
<color>ff0000ff</color>
<width>2</width>
</LineStyle>
</Style>
<LineString>
<altitudeMode>clampToGround</altitudeMode>
<extrude>1</extrude>
<tessellate>1</tessellate>
<coordinates>
-9.134166666666665,38.774166666666666
2.0783333333333336,41.29694444444444
</coordinates>
</LineString>
</Placemark>
<Placemark>
<name>Ruta LIPH - LEBL</name>
<Style>
<LineStyle>
<color>ff0000ff</color>
<width>2</width>
</LineStyle>
</Style>
<LineString>
<altitudeMode>clampToGround</altitudeMode>
<extrude>1</extrude>
<tessellate>1</tessellate>
<coordinates>
12.197777777777778,45.65083333333333
2.0783333333333336,41.29694444444444
</coordinates>
</LineString>
</Placemark>
<Placemark>
<name>Ruta EDDB - LEBL</name>
<Style>
<LineStyle>
<color>ff0000ff</color>
<width>2</width>
</LineStyle>
</Style>
<LineString>
<altitudeMode>clampToGround</altitudeMode>
<extrude>1</extrude>
<tessellate>1</tessellate>
<coordinates>
13.500555555555556,52.36222222222222
2.0783333333333336,41.29694444444444
</coordinates>
</LineString>
</Placemark>
<Placemark>
<name>Ruta LECO - LEBL</name>
<Style>
<LineStyle>
<color>ff0000ff</color>
<width>2</width>
</LineStyle>
</Style>
<LineString>
<altitudeMode>clampToGround</altitudeMode>
<extrude>1</extrude>
<tessellate>1</tessellate>
<coordinates>
-8.377222222222223,43.301944444444445
2.0783333333333336,41.29694444444444
</coordinates>
</LineString>
</Placemark>
<Placemark>
<name>Ruta LPPT - LEBL</name>
<Style>
<LineStyle>
<color>ff0000ff</color>
<width>2</width>
</LineStyle>
</Style>
<LineString>
<altitudeMode>clampToGround</altitudeMode>
<extrude>1</extrude>
<tessellate>1</tessellate>
<coordinates>
-9.134166666666665,38.774166666666666
2.0783333333333336,41.29694444444444
</coordinates>
</LineString>
</Placemark>
<Placemark>
<name>Ruta EBBR - LEBL</name>
<Style>
<LineStyle>
<color>ff0000ff</color>
<width>2</width>
</LineStyle>
</Style>
<LineString>
<altitudeMode>clampToGround</altitudeMode>
<extrude>1</extrude>
<tessellate>1</tessellate>
<coordinates>
4.484444444444445,50.90138888888889
2.0783333333333336,41.29694444444444
</coordinates>
</LineString>
</Placemark>
<Placemark>
<name>Ruta LFPO - LEBL</name>
<Style>
<LineStyle>
<color>ff0000ff</color>
<width>2</width>
</LineStyle>
</Style>
<LineString>
<altitudeMode>clampToGround</altitudeMode>
<extrude>1</extrude>
<tessellate>1</tessellate>
<coordinates>
2.3794444444444447,48.723333333333336
2.0783333333333336,41.29694444444444
</coordinates>
</LineString>
</Placemark>
<Placemark>
<name>Ruta LIRF - LEBL</name>
<Style>
<LineStyle>
<color>ff0000ff</color>
<width>2</width>
</LineStyle>
</Style>
<LineString>
<altitudeMode>clampToGround</altitudeMode>
<extrude>1</extrude>
<tessellate>1</tessellate>
<coordinates>
12.238888888888889,41.80027777777777
2.0783333333333336,41.29694444444444
</coordinates>
</LineString>
</Placemark>
<Placemark>
<name>Ruta LIMC - LEBL</name>
<Style>
<LineStyle>
<color>ff0000ff</color>
<width>2</width>
</LineStyle>
</Style>
<LineString>
<altitudeMode>clampToGround</altitudeMode>
<extrude>1</extrude>
<tessellate>1</tessellate>
<coordinates>
8.723055555555556,45.63
2.0783333333333336,41.29694444444444
</coordinates>
</LineString>
</Placemark>
<Placemark>
<name>Ruta LEMH - LEBL</name>
<Style>
<LineStyle>
<color>ff0000ff</color>
<width>2</width>
</LineStyle>
</Style>
<LineString>
<altitudeMode>clampToGround</altitudeMode>
<extrude>1</extrude>
<tessellate>1</tessellate>
<coordinates>
4.2186111111111115,39.862500000000004
2.0783333333333336,41.29694444444444
</coordinates>
</LineString>
</Placemark>
<Placemark>
<name>Ruta LEVX - LEBL</name>
<Style>
<LineStyle>
<color>ff0000ff</color>
<width>2</width>
</LineStyle>
</Style>
<LineString>
<altitudeMode>clampToGround</altitudeMode>
<extrude>1</extrude>
<tessellate>1</tessellate>
<coordinates>
-8.627500000000001,42.22916666666667
2.0783333333333336,41.29694444444444
</coordinates>
</LineString>
</Placemark>
<Placemark>
<name>Ruta UUDD - LEBL</name>
<Style>
<LineStyle>
<color>ff00ff00</color>
<width>2</width>
</LineStyle>
</Style>
<LineString>
<altitudeMode>clampToGround</altitudeMode>
<extrude>1</extrude>
<tessellate>1</tessellate>
<coordinates>
37.906388888888884,55.40861111111111
2.0783333333333336,41.29694444444444
</coordinates>
</LineString>
</Placemark>
<Placemark>
<name>Ruta LEZL - LEBL</name>
<Style>
<LineStyle>
<color>ff0000ff</color>
<width>2</width>
</LineStyle>
</Style>
<LineString>
<altitudeMode>clampToGround</altitudeMode>
<extrude>1</extrude>
<tessellate>1</tessellate>
<coordinates>
-5.898888888888888,37.418055555555554
2.0783333333333336,41.29694444444444
</coordinates>
</LineString>
</Placemark>
<Placemark>
<name>Ruta LEPA - LEBL</name>
<Style>
<LineStyle>
<color>ff0000ff</color>
<width>2</width>
</LineStyle>
</Style>
<LineString>
<altitudeMode>clampToGround</altitudeMode>
<extrude>1</extrude>
<tessellate>1</tessellate>
<coordinates>
2.738888888888889,39.55166666666666
2.0783333333333336,41.29694444444444
</coordinates>
</LineString>
</Placemark>
<Placemark>
<name>Ruta LFPG - LEBL</name>
<Style>
<LineStyle>
<color>ff0000ff</color>
<width>2</width>
</LineStyle>
</Style>
<LineString>
<altitudeMode>clampToGround</altitudeMode>
<extrude>1</extrude>
<tessellate>1</tessellate>
<coordinates>
2.5477777777777777,49.00972222222222
2.0783333333333336,41.29694444444444
</coordinates>
</LineString>
</Placemark>
<Placemark>
<name>Ruta LPPR - LEBL</name>
<Style>
<LineStyle>
<color>ff0000ff</color>
<width>2</width>
</LineStyle>
</Style>
<LineString>
<altitudeMode>clampToGround</altitudeMode>
<extrude>1</extrude>
<tessellate>1</tessellate>
<coordinates>
-8.678055555555554,41.23555555555556
2.0783333333333336,41.29694444444444
</coordinates>
</LineString>
</Placemark>
<Placemark>
<name>Ruta EHAM - LEBL</name>
<Style>
<LineStyle>
<color>ff0000ff</color>
<width>2</width>
</LineStyle>
</Style>
<LineString>
<altitudeMode>clampToGround</altitudeMode>
<extrude>1</extrude>
<tessellate>1</tessellate>
<coordinates>
4.764166666666667,52.308055555555555
2.0783333333333336,41.29694444444444
</coordinates>
</LineString>
</Placemark>
<Placemark>
<name>Ruta LGAV - LEBL</name>
<Style>
<LineStyle>
<color>ff0000ff</color>
<width>2</width>
</LineStyle>
</Style>
<LineString>
<altitudeMode>clampToGround</altitudeMode>
<extrude>1</extrude>
<tessellate>1</tessellate>
<coordinates>
23.944444444444446,37.93666666666666
2.0783333333333336,41.29694444444444
</coordinates>
</LineString>
</Placemark>
<Placemark>
<name>Ruta LIRP - LEBL</name>
<Style>
<LineStyle>
<color>ff0000ff</color>
<width>2</width>
</LineStyle>
</Style>
<LineString>
<altitudeMode>clampToGround</altitudeMode>
<extrude>1</extrude>
<tessellate>1</tessellate>
<coordinates>
10.395555555555555,43.68277777777777
2.0783333333333336,41.29694444444444
</coordinates>
</LineString>
</Placemark>
<Placemark>
<name>Ruta LIPX - LEBL</name>
<Style>
<LineStyle>
<color>ff0000ff</color>
<width>2</width>
</LineStyle>
</Style>
<LineString>
<altitudeMode>clampToGround</altitudeMode>
<extrude>1</extrude>
<tessellate>1</tessellate>
<coordinates>
10.887777777777778,45.396388888888886
2.0783333333333336,41.29694444444444
</coordinates>
</LineString>
</Placemark>
<Placemark>
<name>Ruta EGSS - LEBL</name>
<Style>
<LineStyle>
<color>ff00ff00</color>
<width>2</width>
</LineStyle>
</Style>
<LineString>
<altitudeMode>clampToGround</altitudeMode>
<extrude>1</extrude>
<tessellate>1</tessellate>
<coordinates>
0.23500000000000001,51.885
2.0783333333333336,41.29694444444444
</coordinates>
</LineString>
</Placemark>
<Placemark>
<name>Ruta GCLP - LEBL</name>
<Style>
<LineStyle>
<color>ff00ff00</color>
<width>2</width>
</LineStyle>
</Style>
<LineString>
<altitudeMode>clampToGround</altitudeMode>
<extrude>1</extrude>
<tessellate>1</tessellate>
<coordinates>
-15.386666666666667,27.931944444444447
2.0783333333333336,41.29694444444444
</coordinates>
</LineString>
</Placemark>
<Placemark>
<name>Ruta EGKK - LEBL</name>
<Style>
<LineStyle>
<color>ff00ff00</color>
<width>2</width>
</LineStyle>
</Style>
<LineString>
<altitudeMode>clampToGround</altitudeMode>
<extrude>1</extrude>
<tessellate>1</tessellate>
<coordinates>
-0.19027777777777777,51.14805555555556
2.0783333333333336,41.29694444444444
</coordinates>
</LineString>
</Placemark>
<Placemark>
<name>Ruta LIPZ - LEBL</name>
<Style>
<LineStyle>
<color>ff0000ff</color>
<width>2</width>
</LineStyle>
</Style>
<LineString>
<altitudeMode>clampToGround</altitudeMode>
<extrude>1</extrude>
<tessellate>1</tessellate>
<coordinates>
12.351944444444444,45.50527777777778
2.0783333333333336,41.29694444444444
</coordinates>
</LineString>
</Placemark>
<Placemark>
<name>Ruta BIKF - LEBL</name>
<Style>
<LineStyle>
<color>ff0000ff</color>
<width>2</width>
</LineStyle>
</Style>
<LineString>
<altitudeMode>clampToGround</altitudeMode>
<extrude>1</extrude>
<tessellate>1</tessellate>
<coordinates>
-22.605555555555558,63.985
2.0783333333333336,41.29694444444444
</coordinates>
</LineString>
</Placemark>
<Placemark>
<name>Ruta EDDK - LEBL</name>
<Style>
<LineStyle>
<color>ff0000ff</color>
<width>2</width>
</LineStyle>
</Style>
<LineString>
<altitudeMode>clampToGround</altitudeMode>
<extrude>1</extrude>
<tessellate>1</tessellate>
<coordinates>
7.142777777777778,50.865833333333335
2.0783333333333336,41.29694444444444
</coordinates>
</LineString>
</Placemark>
<Placemark>
<name>Ruta EGKK - LEBL</name>
<Style>
<LineStyle>
<color>ff00ff00</color>
<width>2</width>
</LineStyle>
</Style>
<LineString>
<altitudeMode>clampToGround</altitudeMode>
<extrude>1</extrude>
<tessellate>1</tessellate>
<coordinates>
-0.19027777777777777,51.14805555555556
2.0783333333333336,41.29694444444444
</coordinates>
</LineString>
</Placemark>
<Placemark>
<name>Ruta LIEE - LEBL</name>
<Style>
<LineStyle>
<color>ff0000ff</color>
<width>2</width>
</LineStyle>
</Style>
<LineString>
<altitudeMode>clampToGround</altitudeMode>
<extrude>1</extrude>
<tessellate>1</tessellate>
<coordinates>
9.056111111111111,39.24722222222222
2.0783333333333336,41.29694444444444
</coordinates>
</LineString>
</Placemark>
<Placemark>
<name>Ruta EGGW - LEBL</name>
<Style>
<LineStyle>
<color>ff00ff00</color>
<width>2</width>
</LineStyle>
</Style>
<LineString>
<altitudeMode>clampToGround</altitudeMode>
<extrude>1</extrude>
<tessellate>1</tessellate>
<coordinates>
-0.3683333333333333,51.874722222222225
2.0783333333333336,41.29694444444444
</coordinates>
</LineString>
</Placemark>
<Placemark>
<name>Ruta LEMH - LEBL</name>
<Style>
<LineStyle>
<color>ff0000ff</color>
<width>2</width>
</LineStyle>
</Style>
<LineString>
<altitudeMode>clampToGround</altitudeMode>
<extrude>1</extrude>
<tessellate>1</tessellate>
<coordinates>
4.2186111111111115,39.862500000000004
2.0783333333333336,41.29694444444444
</coordinates>
</LineString>
</Placemark>
<Placemark>
<name>Ruta LEIB - LEBL</name>
<Style>
<LineStyle>
<color>ff0000ff</color>
<width>2</width>
</LineStyle>
</Style>
<LineString>
<altitudeMode>clampToGround</altitudeMode>
<extrude>1</extrude>
<tessellate>1</tessellate>
<coordinates>
1.3730555555555557,38.87277777777778
2.0783333333333336,41.29694444444444
</coordinates>
</LineString>
</Placemark>
<Placemark>
<name>Ruta LFMN - LEBL</name>
<Style>
<LineStyle>
<color>ff0000ff</color>
<width>2</width>
</LineStyle>
</Style>
<LineString>
<altitudeMode>clampToGround</altitudeMode>
<extrude>1</extrude>
<tessellate>1</tessellate>
<coordinates>
7.215,43.665277777777774
2.0783333333333336,41.29694444444444
</coordinates>
</LineString>
</Placemark>
<Placemark>
<name>Ruta EGCC - LEBL</name>
<Style>
<LineStyle>
<color>ff00ff00</color>
<width>2</width>
</LineStyle>
</Style>
<LineString>
<altitudeMode>clampToGround</altitudeMode>
<extrude>1</extrude>
<tessellate>1</tessellate>
<coordinates>
-2.275,53.35388888888889
2.0783333333333336,41.29694444444444
</coordinates>
</LineString>
</Placemark>
<Placemark>
<name>Ruta LFBT - LEBL</name>
<Style>
<LineStyle>
<color>ff0000ff</color>
<width>2</width>
</LineStyle>
</Style>
<LineString>
<altitudeMode>clampToGround</altitudeMode>
<extrude>1</extrude>
<tessellate>1</tessellate>
<coordinates>
-0.002777777777777778,43.18555555555555
2.0783333333333336,41.29694444444444
</coordinates>
</LineString>
</Placemark>
<Placemark>
<name>Ruta LEIB - LEBL</name>
<Style>
<LineStyle>
<color>ff0000ff</color>
<width>2</width>
</LineStyle>
</Style>
<LineString>
<altitudeMode>clampToGround</altitudeMode>
<extrude>1</extrude>
<tessellate>1</tessellate>
<coordinates>
1.3730555555555557,38.87277777777778
2.0783333333333336,41.29694444444444
</coordinates>
</LineString>
</Placemark>
</Document>
</kml>
